contrast_0,contrast_45,contrast_90,contrast_135,dissimilarity_0,dissimilarity_45,dissimilarity_90,dissimilarity_135,homogeneity_0,homogeneity_45,homogeneity_90,homogeneity_135,energy_0,energy_45,energy_90,energy_135,correlation_0,correlation_45,correlation_90,correlation_135,asm_0,entropy_0,asm_45,entropy_45,asm_90,entropy_90,asm_135,entropy_135,label
2599.3579545454545,2736.687759433226,2416.7119755244753,2802.644268281265,10.193560606060606,10.732108860522455,9.477301864801865,10.990761836397116,0.9600258672754675,0.957913945815009,0.9628346818884066,0.9568996360181887,0.6958202876401618,0.6945286408852629,0.6983888722294757,0.6938650906685068,0.91627577496721,0.9118260675613209,0.9219971567625814,0.9096997428321981,0.4841658726916375,1.2080182971681614,0.48237003300993053,1.2173257725359012,0.48774701685395894,1.1935795376424996,0.48144876404841513,1.221833209694293,0.0
3175.084353146853,3335.3699166692672,3091.0874125874125,3302.645341125433,12.45131118881119,13.07988202615399,12.121911421911422,12.95155035735464,0.9511720795812928,0.9487071338131015,0.9524638235077136,0.9492103875199853,0.6738182505931706,0.6721041000862915,0.6746502150997352,0.6724395441600346,0.9022497032585765,0.8973333209863434,0.904844339126674,0.8983407990692243,0.4540310348324408,1.2806789521823814,0.4517239213528037,1.2912792095614127,0.45515291273411906,1.2751887981712882,0.4521749405501551,1.2891587914189222,0.0
4976.534527972029,5522.208703302019,5222.083479020979,5056.961637043163,19.51582167832168,21.655720405105956,20.47875874125874,19.83122210605162,0.9234685429217231,0.9150769122612183,0.9196923772180208,0.9222316975203279,0.6559460857700207,0.650443880437296,0.6534507006654415,0.6550319377293605,0.8466462252092962,0.8298826030283474,0.8391064602860016,0.8442154108626895,0.4302652674370113,1.388372198290708,0.4230772415983274,1.4180521685241159,0.4269978182001565,1.4019214720255049,0.4290668394454808,1.3930372268416205,0.0
5195.305506993007,5051.1270227989135,4964.408653846153,5517.896162338878,20.373747086247086,19.808341265878095,19.46826923076923,21.638808479760307,0.9201041812968196,0.9223214249254312,0.9236550202404246,0.9151432325171642,0.6537197065729443,0.6550941624245425,0.6560711202684961,0.6504906216661841,0.8399296352891327,0.8443933620813171,0.8470180259915518,0.8300134987099369,0.42734945476181635,1.400462763506384,0.42914836164271286,1.3927081402404218,0.43042931485035946,1.3876926353220138,0.4231380488756587,1.4178156954464924,0.0
2919.8094405594406,2994.5523411410377,2792.2351398601395,3061.269886629631,11.4502331002331,11.743342514278579,10.949941724941723,12.00497994756718,0.9550978156343702,0.9539483846285941,0.9570597124248741,0.952922371257195,0.679623383851337,0.678783322443821,0.6810993868324139,0.6780998037787858,0.9093284180814811,0.907025425830359,0.9132517672709743,0.9049534064784427,0.46188794387754173,1.2571120976751207,0.46074679882787223,1.2622973303798402,0.4638963747434901,1.2480766186900951,0.45981934388482765,1.2667542992967982,0.0
2436.7954545454545,2784.5062283480543,2699.522727272727,2664.262439140476,9.556060606060605,10.919632268031584,10.586363636363636,10.448087996629319,0.9625258288293075,0.9571785712123142,0.9584854869241115,0.9590277359957482,0.693422175472128,0.6902997730994268,0.6908326688920535,0.6915300836204794,0.9224278360779851,0.9112491676215486,0.9140399337654911,0.9150806815903931,0.48083431343649874,1.205097447076469,0.47651377674112017,1.2285345204893707,0.4772497764085176,1.223385030994427,0.4782138565521472,1.2202277071122638,0.0
2534.560314685315,2609.2141221403826,2441.0900349650346,2742.3955342373833,9.939452214452215,10.232212243687774,9.572902097902098,10.754492291126994,0.9610223554472778,0.9598742945569405,0.962459784778934,0.9578261690056689,0.680439708691001,0.6796353321811041,0.6814645496324533,0.678251795517152,0.9219721731305479,0.9196798240746084,0.9248394341150432,0.9155799100110407,0.46299819716349433,1.236901329910908,0.4619041847489196,1.242239135953954,0.4643939324057623,1.2301131787161252,0.4600254981222405,1.2515401218174573,0.0
3214.1145104895104,3623.041766798789,3060.0148601398605,3245.313914203676,12.60437062937063,14.208006928622702,12.000058275058278,12.726721232171279,0.9505718557117228,0.9442831826223543,0.9529416716368859,0.9500920568049138,0.7124949712353221,0.7078841786054243,0.7139959903200646,0.7115443724877296,0.8890148998910145,0.8751527551519637,0.8943360435730453,0.8881689676977366,0.5076490840356225,1.1992883136066737,0.5011000103198763,1.2264087142080635,0.5097902741931296,1.1893122106619525,0.506295394018957,1.202746458920934,0.0
1770.3776223776224,1904.1136746668333,1632.8247377622379,1787.1677109016573,6.942657342657343,7.467112449673856,6.403234265734266,7.008500827065323,0.9727743114696026,0.9707176564041025,0.974889663553621,0.9725161056976954,0.7041073279353782,0.7023288284272887,0.7052210319926241,0.7035308563200013,0.943011575488496,0.9387784889162897,0.9474872251545924,0.9425393439424976,0.49576712925229827,1.1470192323202046,0.4932657832400479,1.1582925748253605,0.4973367039647415,1.1367082657960168,0.4949556657943544,1.1491956616648817,0.0
3023.005681818182,3018.6518347585907,2817.6236888111885,3250.006973487095,11.854924242424243,11.83785033238663,11.049504662004662,12.745125386223902,0.953510815953339,0.953577771433602,0.9566692755388431,0.9500198847616785,0.6751490510428301,0.6752149811514823,0.6772520043429071,0.6728296454156283,0.9069914010879866,0.9071200980243955,0.9133157104416769,0.9000017275224524,0.45582624112403397,1.2710606191875544,0.4559152707713965,1.2707259363128318,0.4586702773864851,1.2571762430885904,0.45269973175012,1.2860385444005262,0.0
1564.7430069930072,1648.2785240004994,1545.7963286713286,1631.2820390281202,6.136247086247087,6.463837349021566,6.061946386946387,6.397184466776943,0.9759366559992464,0.9746520080583074,0.9762280268097172,0.974913387890565,0.7213269295561039,0.7205005987779658,0.7222998405282338,0.72067282014624,0.9472521571751159,0.9444325306129976,0.9477617956083488,0.9450055233715863,0.5203125393028365,1.097911245495259,0.5191211128394073,1.1045889028562108,0.521717059627112,1.0946519984720862,0.5193693136975348,1.103228984435761,0.0
1630.298513986014,1782.4746516182392,1767.8513986013986,1904.4941929871102,6.393327505827506,6.990096673012703,6.932750582750583,7.468604678380824,0.9749285129950171,0.9725882777409307,0.9728131609109987,0.9707118046168132,0.705251796951691,0.7035859727385444,0.7041386526464463,0.7023315596308304,0.9475677583447023,0.9426891146411033,0.9430920158814988,0.9387650579500574,0.4973800971035892,1.1364946951996435,0.4950332210344438,1.1488125521313148,0.4958112421507526,1.1468089956906473,0.4932696196534746,1.1583078235346074,0.0
3427.5804195804194,3795.162887004151,3578.1433566433566,3706.8826366998537,13.44149184149184,14.882991713741768,14.031934731934731,14.536794653724916,0.947289077913751,0.9416362241718059,0.9449736512065426,0.9429938388229346,0.6712225329957474,0.6673898256454741,0.6696378369632167,0.6682883633740109,0.8944767317779748,0.8831848132998195,0.8898544015637293,0.8859022741955128,0.45053968880122724,1.297086058412924,0.4454091793750963,1.3203557803216692,0.4484148326927756,1.3067477176621245,0.446609336621114,1.3148866794031977,0.0
2687.902097902098,2788.3114115508256,2598.473776223776,2922.507539168565,10.540792540792541,10.934554555101277,10.19009324009324,11.460813879092411,0.9586641943545335,0.9571200533394207,0.960039464579956,0.955056323022044,0.6785109268247063,0.6774654633653401,0.6794470273521208,0.67607469478217,0.9173263207208128,0.9142385624611968,0.9200756988639033,0.9101110183235461,0.46037707782052184,1.2483792728300425,0.45895945405281496,1.2553452649785766,0.4616482629776336,1.2420952211306107,0.45707699292480425,1.264517722663862,0.0
206.78188323353848,260.059376301541,244.42573033936418,269.6285141607664,0.8109093460138763,1.0198406913785922,0.9585322758406438,1.0573667221990837,0.9968200122530443,0.9960006862439403,0.9962411077055429,0.9958535276018705,0.8401143240869218,0.8397012871771192,0.8400184144378869,0.8396149041679112,0.9890734657741802,0.9862525859503356,0.9870659444566389,0.9857466924854305,0.7057920775360254,0.7026660585870388,0.7050982516869109,0.708789510802428,0.7056309365947415,0.7064520862620786,0.7049531873008907,0.7098974033527767,0.0
174.39870551762652,152.86547271970014,124.84319986463896,182.64113910870472,0.6839164922259864,0.5994724420380397,0.48958117593976064,0.7162397612106067,0.9973180157857222,0.9976491638310876,0.9980801033453597,0.9971912598174776,0.8619986895034205,0.8620658348090623,0.8624385965627576,0.8618015752787033,0.989452613997116,0.9907626772443683,0.992449660592954,0.9889633995147031,0.7430417407056144,0.6340209528216679,0.7431575035450456,0.6317089315044944,0.7438003328411389,0.6277139010367976,0.7427019551528544,0.6354207257320716,0.0
163.80972955992868,268.55273844231573,245.39519655550544,223.68612036651396,0.6423910963134458,1.053147993891434,0.962334104139237,0.8772004720255449,0.9974808579712742,0.9958700713800278,0.9962261988042398,0.9965600510508641,0.8377167368521384,0.837061857025841,0.8375011784370752,0.8374714945587082,0.9914811334398468,0.9860101994921375,0.9871999742293276,0.9883474032846861,0.7017693312021949,0.7053817395319464,0.7006725524875494,0.717177595482213,0.7014082238834897,0.7138160005267462,0.7013585041983964,0.711891531183044,0.0
155.460295713937,175.0881403581841,179.0431250647218,213.6656080799667,0.6096482184860275,0.6866201582673885,0.7021299022145953,0.837904345411634,0.9976092594390868,0.9973074133368471,0.9972465917469209,0.9967141511383144,0.8415118764997137,0.841195523886596,0.8412976468969068,0.8408449232608853,0.9917409229756226,0.9907056117730533,0.9904880375647666,0.9886577634088791,0.7081422382900695,0.6935780560607565,0.7076099094068447,0.6964597927904976,0.7077817306742725,0.6965526726189125,0.7070201849736042,0.701198384819153,0.0
139.15222060520438,179.9705070803832,182.73310887964703,194.24898479800083,0.5456949827655073,0.7057666944328752,0.7166004269790079,0.7617607246980425,0.9978600525850397,0.9972323300359798,0.9971898454636661,0.9970127489804386,0.8262607297051094,0.8257355546258853,0.8258571087007046,0.8256033463179506,0.993209813351896,0.991224774825376,0.9910832023567685,0.9905285671013685,0.68270679345282,0.7351859020856633,0.6818392061733185,0.7408270881450814,0.6820399639914875,0.7407647600734896,0.6816208854513979,0.7426062366246937,0.0
130.58484474163055,168.27238650562265,171.0469075920529,180.65509162848815,0.5120974303593355,0.6598917117867554,0.6707721866355015,0.7084513397195613,0.9979918056663237,0.9974122291620948,0.9973695612894526,0.9972218021771524,0.8715629756194102,0.8711148247658925,0.8712075831720506,0.8710061020854629,0.9915753101882415,0.9891531814292277,0.9889648975531984,0.9883549936892646,0.7596220204705606,0.5996310479556898,0.7588410379269117,0.6047736337148042,0.7590026529764854,0.6047428744085868,0.7586516298701119,0.6062971387636387,0.0
154.18270457638653,159.47058517284466,136.2964286506798,172.71090170762182,0.6046380571623001,0.625374843815077,0.5344957986301168,0.6772976537553796,0.9976289068284011,0.9975475873470174,0.9979039702788011,0.9973439716158519,0.8493660583785743,0.8491854791025674,0.8495272450169238,0.849066192500382,0.9914155379714126,0.9911283758428745,0.9924113958203128,0.9903917941598601,0.7214227011255555,0.6703681587885768,0.7211159779186568,0.671435272851284,0.7216965400260444,0.6680649065519344,0.7209133992470956,0.6731006891310267,0.0
158.87221557539533,174.2154831320283,156.28697233235204,176.8033631820075,0.6230282963740994,0.6831979730667778,0.6128900875778511,0.6933465222823824,0.9975567893523299,0.9973208334645829,0.9975965464224718,0.9972810358444005,0.8380797368102194,0.8377994826156112,0.8381033410256424,0.8377758588537453,0.9917229954363725,0.9909308517988289,0.9918576827386378,0.9907961343369928,0.7023776452518866,0.7038403075581071,0.7019079730709858,0.7061836105275154,0.7024172102383442,0.7035102117433658,0.7018683896781305,0.7065078516223832,0.0
2393.5970279720277,2651.8321740114234,2247.076048951049,2505.2057812646294,9.38665501165501,10.399341858868327,8.812062937062937,9.824336397116195,0.963190154277181,0.9592188943805338,0.9654434218781557,0.9614737830826956,0.6960750784473341,0.693488167043099,0.6982416558312334,0.6949834001774913,0.9233154890314818,0.9150301933052607,0.9278701282249456,0.9197283851328364,0.4845205148354624,1.1973327801006677,0.48092583782879705,1.2154947157255638,0.4875414099379426,1.185278354580857,0.48300192652226703,1.2051984144143977,0.0
128.63088182537686,161.8252551020408,166.19206126936106,179.72977405247812,0.5044348306877524,0.6346088435374149,0.6517335736053375,0.7048226433430514,0.9980218546146868,0.9975113761402817,0.9974442213688469,0.9972360321401827,0.8618831195965118,0.8614592541047958,0.86152581560267,0.8613002638815097,0.9922480178603843,0.99025603489594,0.9899859805396696,0.9891779521964997,0.7428425118454149,0.6298235528631227,0.7421120464827913,0.6344685757415607,0.7422267309498459,0.6346895539327759,0.7418381445623582,0.6366937690243577,0.0
132.02777120286405,156.23573511037068,138.85161092578073,150.24750104123282,0.5177559655014276,0.6126891572955714,0.5445161212775714,0.5892058864362071,0.9979696156736865,0.9975973343722454,0.9978646755001725,0.9976894242142953,0.8490555762437381,0.8487040092709208,0.848994032327013,0.8487580058861299,0.9926720523009263,0.9913355105042868,0.9922933081917071,0.9916676047665454,0.720895371550586,0.6690232737703782,0.7202984953525352,0.6725415129313506,0.7207908669268813,0.6699127706682017,0.7203901525557997,0.6717773620723759,0.0
164.17797641722265,171.6426488962932,158.0755999249227,188.53909829237816,0.6438352016361673,0.6731084270442871,0.6199043134310694,0.739369012911287,0.9974751949002365,0.9973603997032527,0.9975690400774317,0.9971005582645038,0.8284273025223815,0.8282125669833392,0.8284836613331432,0.8280565499960008,0.991886480686161,0.9915241623476078,0.9921880543235699,0.9906898035043717,0.6862917955645095,0.7317401693612342,0.6859360561091323,0.7330946769430463,0.6863851770959704,0.7309604058611527,0.6856776499912792,0.735212082882554,0.0
199.93549778466502,202.96803415243647,147.43401727332576,175.58465222823824,0.7840607756261373,0.795953075107594,0.5781726167581402,0.6885672636401499,0.9969252991451932,0.9968786633938358,0.9977326912731318,0.9972997777469284,0.8692425825028143,0.8690974606315994,0.8697044087226407,0.8693382916265577,0.9872603183454812,0.9870781133529851,0.9906056579951003,0.9888214664810482,0.7555826672361619,0.6137084909903905,0.7553303960762946,0.6144483806669683,0.756385758551598,0.6072327039959183,0.755749065288182,0.6111248508862585,0.0
145.7055116166398,158.2368284048313,141.60218949250708,165.804872969596,0.5713941632025089,0.6205365819797306,0.5553027038921846,0.6502151881160628,0.9977592730351453,0.9975665606310579,0.9978223758267077,0.9974501757301757,0.8339538940948887,0.8336961658454267,0.8339915601606313,0.8336267091745069,0.9925872596303698,0.991956064163727,0.9927960153680329,0.9915713442126338,0.6954790974760289,0.7142776256154624,0.6950492969453652,0.7162962979939855,0.6955419224191638,0.7137441458599161,0.6949334902491179,0.7172600266646704,0.0
162.07370866125717,185.27415660141608,172.6777151029262,185.0785610162432,0.6355831712206164,0.7265653200055532,0.6771675102075536,0.7257982784950714,0.9975075553061659,0.9971507680527572,0.9973444819748574,0.997153776012422,0.7964511000572372,0.7960833663667074,0.7963467766784569,0.7960858525172196,0.9931370468747165,0.9921596135161616,0.992688103138653,0.9921678698310324,0.6343343547823833,0.8170174346440664,0.6337487262057494,0.820354422852787,0.634168188726168,0.8183880820685996,0.6337526845780683,0.8203281422762809,0.0
207.55595315805436,233.21012078300708,208.41269074441175,226.95106205747604,0.8139449143453112,0.9145494932666944,0.8173046695859284,0.8900041649312787,0.9968081082465774,0.9964135865533323,0.9967949329384491,0.9965098412626108,0.8181839649610289,0.8177934132913385,0.8181759647490865,0.8178518458974704,0.9902504377576936,0.9890536411368018,0.990210194072574,0.989347427284356,0.6694250005193502,0.7642902303412287,0.6687860668226978,0.7678148951900368,0.6694119092930985,0.7643953162985907,0.6688816418378997,0.7670612063671898,0.0
419.2220008668979,484.227182620704,479.92818918378237,494.00345425387377,1.6440078465368544,1.8989301279243294,1.8820713301324798,1.937268448054407,0.993553009552073,0.9925533297047227,0.9926194416205244,0.9924029856633674,0.8777796126119722,0.8769963975563579,0.8772550230017608,0.8769119663747826,0.9711019096928545,0.9666789633361731,0.9669172702689783,0.9660062305421128,0.770497048317224,0.6040739818813069,0.7691226813268294,0.6113700739220216,0.7695763753818199,0.610210072590692,0.7689745967712879,0.6123396915339705,0.0
259.02033027538204,282.30461266139105,256.1344773529151,288.5937630154103,1.0157660010799296,1.107076912397612,1.0044489307957454,1.131740247119256,0.9960166651758469,0.9956585886774307,0.9960610451611216,0.9955618712051271,0.8206023275421965,0.8202517737866574,0.8206474405812647,0.820193332453703,0.9876539080686789,0.9865532461445726,0.987790325242828,0.9862536808772074,0.6733881799676703,0.7625546560003926,0.6728129724001577,0.7656381672566608,0.6734622217325804,0.7621647645097237,0.6727171026015105,0.7663641680825691,0.0
247.46203154174447,306.8361303632813,306.87339540544144,321.1988010342344,0.9704393393793901,1.2032789426011032,1.203425080021339,1.2596031413107232,0.996194414056812,0.995281331615611,0.9952807585365017,0.9950604558017679,0.8562715201727138,0.8554878649851361,0.8557422023391087,0.855360753110609,0.9855303048049618,0.9820882606433805,0.9820564024116896,0.9812497404381553,0.7332009162588903,0.6583824280865448,0.7318594871368264,0.665918735895236,0.732294716864188,0.6651456964056532,0.7316420179619482,0.6675108980992681,0.0
2321.9785839160836,2513.3235054305424,2490.856643356644,2568.8791801910056,9.105798368298368,9.856170609531539,9.76806526806527,10.074036000749041,0.9642915359407609,0.9613489449538564,0.9616944507834306,0.9604945840096115,0.7029591758805347,0.700332257815644,0.700500344147788,0.6997697286566138,0.924251350167659,0.9181762722182727,0.9189220281162315,0.9163676023838849,0.4941516029546405,1.179043052225286,0.4904652713371577,1.1941985407491904,0.49070073215116916,1.1927374122094125,0.48967767314415095,1.1981077152587836,0.0
249.2085389437183,290.6932126973992,266.9747349293145,297.0296850522314,0.9772883880145816,1.1399733831270558,1.046959744820841,1.1648222943224762,0.9961675554556068,0.9955295848937749,0.9958943386502428,0.9954321396817853,0.8581226352839253,0.8575008250800189,0.857964687542667,0.8574445166108983,0.9852486932526667,0.982821809444745,0.9841970655362664,0.9824473626919316,0.7363744571866288,0.6528739457231076,0.7353076650129132,0.6583907900059375,0.7361034050701861,0.6549214441095239,0.735211099066097,0.6591027451449065,0.0
454.15214890637503,519.8321225192851,432.04979661242993,441.19951796360505,1.7809888192406864,2.038557343212883,1.6943129278918823,1.7301941880925689,0.9930158375279677,0.9920057804183052,0.9933557377570137,0.9932150290966136,0.8625327497608289,0.8617112026818906,0.8627270816539176,0.8624022216090353,0.9719621823686063,0.9679615479816678,0.9733267068442356,0.9728078566628715,0.7439627444099767,0.6557737537257591,0.7425461968274704,0.663145809299399,0.7442980174190855,0.6535049427085733,0.7437375918361998,0.6552143482391416,0.0
327.0954545454545,380.2063818618453,376.5804524058577,417.54230109135716,1.2827272727272727,1.49100541906606,1.4767860878661088,1.6374207885935577,0.994969774328031,0.9941530098443416,0.9942087710699434,0.9935788407546003,0.8944239885658363,0.8940925948640117,0.8942423304339394,0.8937753825653161,0.9742036707210369,0.9699819603017333,0.9702357383224547,0.967034216236748,0.7999942713220193,0.5405700489512564,0.7994015681906619,0.5457226224749989,0.7996693455399229,0.5449312137924154,0.7988344344797772,0.5495388456886021,0.0
308.7498432601881,370.90646767420225,364.8813938284519,394.95679520708126,1.210783699059561,1.4545351673498126,1.4309074267782427,1.5488501772826717,0.9952519016507214,0.9942960282398701,0.9943886846210984,0.9939261711437413,0.8904435803201286,0.8900320922229993,0.8902844091051265,0.8898267351793367,0.9765388706732999,0.9717860150121483,0.9721951478660223,0.9699565630098129,0.7928897697333294,0.5529461740855184,0.7921571251868496,0.5591393215978064,0.7926063290956642,0.5578175645600105,0.7917916186399174,0.561629817024403,0.0
437.0332288401254,443.1937127517791,397.9720449790795,483.7999314758468,1.7138557993730408,1.7380145598108985,1.5606746861924687,1.8972546332386149,0.9932791002239085,0.9931843614438566,0.9938798012336745,0.9925599001710723,0.8810883447638952,0.8807481979482499,0.8813142404212855,0.880398670911791,0.9690287053988126,0.9686651682565014,0.9718221640316987,0.9657942136494106,0.7763166712787808,0.5943795768892386,0.7757173881890895,0.5959634030251744,0.7767147903693474,0.590748465484587,0.7751018197432481,0.6000277047958968,0.0
435.0967476489028,522.2600161566122,464.83352510460253,474.363754809264,1.7062617554858934,2.0480784947318127,1.822876569037657,1.8602500188598587,0.9933088803301925,0.9919684431434102,0.9928515743686432,0.9927050140742277,0.864994862556572,0.8638848113946936,0.8644735916948267,0.8643044950615829,0.9727041995912195,0.9673157984907885,0.9708921596941367,0.9703132537984628,0.7482161122492628,0.6465868325776934,0.7462969673584454,0.6564655995782522,0.7473145907377541,0.6504480208318537,0.7470222601836577,0.651682836521289,0.0
365.2609445852227,445.12209608802505,431.0259819285143,443.1909807036952,1.4323958611185204,1.7455768474040196,1.6902979683471149,1.7380038458968439,0.9943828477134495,0.9931547058701439,0.9933714824542719,0.9931844034585597,0.8434292158802761,0.8424376732322496,0.8428367852756123,0.8424550585153525,0.9801540084516186,0.9758539896824772,0.9765807483080351,0.9759587446079329,0.7113728422004175,0.7069143633374451,0.7097012332809666,0.716193475676625,0.7103738466137288,0.7139202195891847,0.7097305256181061,0.7159925101151174,0.0
300.6641849529781,334.52438579726913,313.62999476987443,344.9484654361657,1.1790752351097178,1.3118603364598789,1.2299215481171548,1.3527390801418262,0.9953762466559072,0.9948555287762237,0.99517685241642,0.9946952224427742,0.8708334991715976,0.8702266334834269,0.8706003970102346,0.8701354836790801,0.9804940252374228,0.9783467149860082,0.979670725794007,0.977671979220806,0.7583509832794488,0.6174107257978992,0.7572943936238985,0.6221175775507765,0.7579450512743781,0.6192249146109383,0.7571357599574267,0.6232441892017722,0.0
305.65826802507837,401.46332857645785,395.0812892259414,397.98863536349234,1.1986598746081505,1.5743659944174817,1.5493383891213388,1.5607397465234993,0.9952994453291748,0.9938261106545618,0.9939242566169542,0.993879546099045,0.849380234686447,0.8485701316193021,0.8488902377062243,0.8486045519503094,0.9828365774496031,0.9774501637204933,0.9777723948161481,0.977644873788839,0.7214467830760039,0.6842715912523809,0.7200712682763997,0.6945565856895598,0.72061463567293,0.6930910264343058,0.7201296855907854,0.6941781837856031,0.0
355.6330721003135,467.3803027635979,450.7538441422594,437.26629491789674,1.3946394984326018,1.8328639324062663,1.7676621338912135,1.714769783991752,0.9945309096038459,0.9928124088401009,0.9930680982354403,0.9932755160256221,0.8797079864928523,0.8784514283420923,0.8787741553938778,0.8787113196514797,0.9752161118402646,0.9675039668231551,0.968615272720551,0.9695977345584561,0.7738861414993083,0.59287398988433,0.7716769119562621,0.6053522678853751,0.7722440161882234,0.6030864045570558,0.7721335832836449,0.602315875823747,0.0
1590.889423076923,1709.4151341250274,1606.9309440559439,1749.49639719422,6.238782051282051,6.7035887612746174,6.3016899766899765,6.860770185075372,0.9755345642807967,0.9737118209004856,0.9752878703279311,0.9730954326393408,0.711623541509121,0.7097240524896883,0.7107557988580495,0.7093127810317176,0.9479145720682827,0.9441493454610406,0.9475011066139838,0.9428397953509039,0.5064080648299836,1.1205682799855792,0.5037082306823858,1.1315437702709834,0.5051738056103441,1.123377396689134,0.5031246213349493,1.1347167917827556,0.0
864.7577586206896,1031.4047687152665,977.7896312761507,1033.312443420424,3.391206896551724,4.044724583197123,3.8344691422594144,4.052205660472251,0.9867013539411822,0.9841385788958992,0.9849630973568088,0.984109241789124,0.7076122157858061,0.7058986311158723,0.7063605299563096,0.705877520325312,0.9726452822537627,0.9673693452099988,0.9690749076697661,0.9673090859142394,0.5007150479292983,1.081615211634381,0.4982928774112624,1.097047422437544,0.4989451982801585,1.0923394834440572,0.49826307370061124,1.0972235475247494,0.0
417.60047021943575,482.70983164432823,414.90847280334725,446.1914872884553,1.6376489028213166,1.892979731938542,1.627092050209205,1.749770538386099,0.9935779462027583,0.9925766642320867,0.9936193449881072,0.9931382602760671,0.8845513008480421,0.8837128713851408,0.8844665727294545,0.8840260296188865,0.9695903654817757,0.9649313253205041,0.9698136622393754,0.9675843683167229,0.7824310038319635,0.581310671693416,0.7809484390517702,0.5887979717571623,0.7822811182757875,0.581400546046483,0.7815020210437326,0.5851559561995292,0.0
2325.6416083916083,2455.1042024281387,2066.9562937062938,2433.2878187322494,9.120163170163169,9.62785961736525,8.105710955710956,9.542305171499018,0.9642352042507365,0.9622442684091266,0.9682133870496987,0.9625797708803825,0.7038282569162333,0.7025430920901065,0.7071744325243884,0.7027638873604832,0.92392611504207,0.9196849244680323,0.9322421041219977,0.9203986149511639,0.49537421523374325,1.1773591822947402,0.49356679624352784,1.1865877510512317,0.5000956780161908,1.156755954661921,0.4938770813780179,1.1850342991205376,0.0
2572.5799825174827,2641.304500483755,2452.710664335664,2807.71784588496,10.088548951048951,10.358056864642176,9.618473193473193,11.010658219156705,0.9604376713542662,0.9593807938288723,0.962281077348512,0.956821612187664,0.6846625597877146,0.6839821854461597,0.6863112268213577,0.6822686490211886,0.9197895958909318,0.9176399968087232,0.9234401830498029,0.9124503223111353,0.46876282077506587,1.2301045618821251,0.4678316300077049,1.234873631898337,0.4710231000610371,1.2207333237746711,0.4654905094371977,1.2463964552612816,0.0
2659.861013986014,2728.8237141474983,2422.6486013986014,2664.135599700384,10.430827505827505,10.70126946724509,9.50058275058275,10.44759058706033,0.9590954231540305,0.9580348827523222,0.9627433857011256,0.9590296865915113,0.686151479608148,0.6854761830313792,0.6891060163757198,0.6861413189852248,0.9165138844313941,0.914341210698806,0.9238505146376714,0.9163717946229303,0.47080385296845084,1.2312757137199735,0.4698775975032691,1.2359948258761109,0.47486710180521374,1.2134208063687657,0.470789909618784,1.2315034460181473,0.0
2462.436625874126,2725.906407025374,2636.1145104895104,2676.6927042695297,9.65661421911422,10.689829047158328,10.337703962703962,10.496834134390312,0.9621315069991367,0.9580797464548738,0.959460607903154,0.9588365776109629,0.6846805816225737,0.6817528319502903,0.6827648096826666,0.6822593197637337,0.9234624130408369,0.9153197915161254,0.9180903373973304,0.9168491353882418,0.4687874988510259,1.2245893544491313,0.46478692387224085,1.2435631962724574,0.466167785341008,1.2371336968045399,0.46547777940447255,1.2401467599450768,0.0
1234.0603146853146,1165.147096688618,929.145104895105,1291.9865367809996,4.839452214452215,4.569204300739678,3.643706293706294,5.0666138697294105,0.9810220478779977,0.9820818273200164,0.9857111754545089,0.9801312315569004,0.8043759921245248,0.8043763740792085,0.8071889118649425,0.8032088363124381,0.9432402911218177,0.946572901447719,0.9572646449838371,0.9407567574729442,0.6470207367063135,0.8757219121386326,0.6470213511768147,0.8716839688931207,0.6515539394377098,0.8495196076933392,0.645144434730381,0.882211698416258,1.0
1254.270104895105,1381.7888603664057,1235.3234265734266,1399.546381979339,4.918706293706294,5.418779844574139,4.844405594405594,5.488417184232702,0.9807112523468289,0.9787502097566142,0.9810026231572998,0.978477126349778,0.7248601907133999,0.7229595455251413,0.7250526592356209,0.7227787335854972,0.9576679683983538,0.9534530633134517,0.9583075309246945,0.9528548834772008,0.5254222960810665,1.0711624835206868,0.5226705044659189,1.0833228744113095,0.5257013586646454,1.0695298042118062,0.522409097723455,1.0848104690706097,1.0
1338.7722902097903,1499.3690213320433,1318.3098776223776,1532.8546335164322,5.250087412587413,5.87987851502762,5.169842657342658,6.01119464124091,0.9794117385321288,0.9769420074842057,0.9797264190074374,0.976427050202743,0.759641642102328,0.7574600139197171,0.7598019570871642,0.7571449112165359,0.9488837979480109,0.9428863836438933,0.9496723582799124,0.9416088767182906,0.5770554244159213,0.9962460392353043,0.5737456726872581,1.0109004354999733,0.577299013993485,0.9946328248610443,0.5732684165810961,1.0135698052464592,1.0
2002.1586538461538,2204.8499871258696,2023.2526223776224,2241.3797458724757,7.851602564102564,8.64647053774851,7.934324009324009,8.789724493617554,0.969209875221509,0.9660927938497543,0.9688854823858515,0.9655310222699771,0.7090722769870512,0.706434650333721,0.7088034369352537,0.7060641245321322,0.9341199973571084,0.927577316583623,0.9334368583643101,0.926377423997538,0.5027834939916015,1.1491980743793166,0.49904991519212677,1.1655707642600206,0.5024023122112282,1.1509101904940522,0.49852654795132617,1.1682500156182063,1.0
1232.797202797203,1368.343879716613,1218.6503496503497,1371.3880262788302,4.834498834498835,5.366054430261228,4.779020979020979,5.377992259916982,0.9810414725986958,0.9789569729075045,0.9812590294705141,0.9789101586091897,0.7369801498090406,0.7349755746209916,0.7371221739935719,0.7349450678469378,0.956740790772938,0.9520882205261116,0.9572372079280026,0.9519816314727773,0.5431397412125559,1.0427135174683844,0.5401890952894568,1.0556757763212978,0.5433490993930096,1.041494566683038,0.54014425275254,1.055930464350411,1.0
3421.391171328671,3866.4466523360697,4100.313811188811,4076.746444009238,13.41722027972028,15.162535891513999,16.079662004662005,15.987240956898974,0.9473842590451715,0.9405399893529348,0.9369434716699656,0.9373059015776884,0.6726380097874627,0.6683935090218442,0.6660038424964486,0.6662663241175268,0.8942827271357904,0.8804384462128134,0.873214978462587,0.8739353770864429,0.45244189221083886,1.2939194354862136,0.44674988290253415,1.3211936141257952,0.4435611182200343,1.3353915495402067,0.44391081465308135,1.3339298329086033,1.0
2443.8688811188813,2677.580580350176,2796.0244755244757,2925.4248462906903,9.583799533799535,10.500316001373239,10.964801864801865,11.472254299179177,0.9624170503933983,0.9588229234406211,0.9570014382627798,0.9550114593194924,0.7997010321836996,0.7969959563120079,0.7965817328390692,0.79480781255667,0.8841113566661044,0.8734221698239826,0.8674120834794752,0.8617057756902103,0.6395217408756745,0.9478740540540148,0.6352025543776919,0.9649674052422779,0.6345424570928941,0.9707745718390882,0.6317194589011188,0.9806976876522343,1.0
910.9562937062936,1107.5619908866765,1151.2001748251748,1202.6915709559626,3.5723776223776222,4.343380356418339,4.5145104895104895,4.716437533160637,0.9859908914325608,0.982967397796471,0.9822963095557904,0.981504450974134,0.7448998335637893,0.7422762197039366,0.7424946413846686,0.7413251610541802,0.9675192185644985,0.9605979102027143,0.958953155573605,0.9572136262645597,0.5548757620433611,1.003313928805131,0.5509739863379669,1.022589785019147,0.5512982924849475,1.024922554691584,0.5495629944120062,1.030899902140606,1.0
2693.3835681120645,3035.081548496243,2869.9289761548753,3189.779178038739,10.562288502400252,11.902280582338207,11.25462343590147,12.508937953093094,0.958579897762248,0.9533251076723734,0.95586490056047,0.9509460957457211,0.7051002529741525,0.7003494930773976,0.7019644802671726,0.6988119281284046,0.9105631961425719,0.899625277345542,0.9050961971334298,0.8945091935064363,0.4971663667442138,1.1925087975776203,0.49048941245376776,1.2184564670585674,0.49275413155676173,1.2075114026893559,0.48833811089453866,1.228582467564728,1.0
839.377183967112,912.2528983353151,708.9262076053443,968.0941587395957,3.2916752312435764,3.5774623464130006,2.7801027749229186,3.796447681331748,0.9870916681947666,0.9859709516449525,0.9890978038383824,0.9851121988321657,0.78443316565948,0.7830528360512425,0.785680462569788,0.7825201666527557,0.9652924383875218,0.9623876095964685,0.970686479810098,0.9600852619790659,0.615335391386553,0.9031069910292608,0.6131717440478942,0.9115373530862729,0.6172937892638758,0.8907547122943542,0.6123378112182565,0.9165804077478118,1.0
2853.603383458647,4328.357037018274,4209.513157894738,3625.0813692835704,11.1906015037594,16.973949164777547,16.507894736842108,14.216005369739491,0.9561159631000116,0.9334365171313279,0.9352641534479327,0.9442518166689697,0.7145552907735446,0.6984379970995052,0.7004899013162816,0.7052008392373157,0.9019230614339402,0.8520955353944691,0.8557453864815485,0.8761271968809842,0.5105892635724649,1.178944036867196,0.48781563579236825,1.2742224630136696,0.49068610184609396,1.2653198379734736,0.49730822366101435,1.2325244967698281,1.0
1092.7180944055942,1134.9593099466308,913.2298951048951,1144.5991073936518,4.285168997668998,4.450820823320121,3.5812937062937062,4.4886239505633405,0.9831956741241104,0.9825460691116379,0.9859559269353044,0.9823978238336412,0.8080433834795675,0.8071263298771293,0.8097214551538936,0.8070264796904373,0.9491607787525559,0.9473315358803049,0.9575064627753067,0.9468870998841443,0.6529341095851076,0.8573896940214183,0.6514529123809245,0.8624240724370108,0.6556488349365389,0.8416230781927216,0.6512917389215398,0.8632698206459402,1.0
2212.6714285714284,3071.707074005675,3090.964285714286,3004.341865231296,8.677142857142856,12.045910094139904,12.121428571428572,11.781732804828613,0.9659725120940635,0.9527618633468816,0.9524657170098993,0.9537978367848047,0.7414654051364095,0.7324113785758284,0.7330522602263496,0.7330522574763056,0.9184682359816685,0.8871412433648841,0.8861051995891432,0.8896163340944263,0.5497709470140999,1.0868510123790545,0.5364264274673454,1.1472602808553367,0.5373656162229598,1.14654749981399,0.5373656121911079,1.1429005060594348,1.0
1693.1460383858266,2216.498309006764,2037.4713336614172,2067.9601281594873,6.639788385826771,8.692150231399074,7.990083661417323,8.109647561409755,0.9739620146036074,0.9659136605510601,0.9686668204462612,0.9681979496176993,0.7011926832796648,0.6952737391461854,0.6976243289161701,0.6968065612381746,0.9460867748948673,0.9295244682915915,0.9351227548205671,0.9342473716349747,0.4916711790849363,1.1487362722106302,0.48340557234631787,1.1899545855821354,0.4866797042957367,1.1755147111413993,0.48553938378457007,1.1788753258894218,1.0
3025.84331797235,3877.7948945937283,3727.700460829493,3426.012965126498,11.86605222734255,15.207038802328345,14.618433179723501,13.435344961280384,0.9534671774678998,0.9403654708179231,0.9426736926640191,0.9473131829556408,0.6750729388225534,0.6664933217433219,0.6679203595227301,0.6711041398545481,0.9069158631153472,0.8806593151483751,0.8853092906232317,0.8945630842573022,0.45572347273051894,1.2713463880245923,0.44421334792844713,1.3255474164873189,0.446117606664973,1.3164997712012365,0.4503807665299129,1.2972605545604476,1.0
4771.117428762351,6488.075086805556,6059.916591093504,5418.75,18.71026442651902,25.443431712962962,23.764378788601977,21.25,0.9266275423867014,0.9002233708546497,0.9068077908668303,0.9166679482053333,0.7270967259281822,0.7172677924878492,0.7181547084723737,0.7265718676802068,0.8180852272578031,0.7478467374656553,0.7668674047109437,0.7894051050462312,0.5286696488554823,1.2216692760272707,0.5144730861403923,1.2931178324485813,0.51574618530104,1.280327227365773,0.5279066789043039,1.2420993527449586,1.0
3426.384537841191,3562.2732090529335,3679.352321598723,4042.017893883659,13.43680210918114,13.969698859031112,14.428832633720482,15.851050564249642,0.9473074687380247,0.945217709699921,0.9434172127825988,0.9378399733355325,0.6832836041279379,0.6826646406396113,0.6812931850514132,0.6778876397361847,0.8909507365330819,0.8863861377242075,0.8827178768617189,0.8710811370021037,0.46687648367006457,1.2719926086698954,0.4660310115796096,1.2790061991174237,0.46416040399749925,1.2867260375571583,0.45953165210709535,1.3083496245608774,1.0
7444.377272727273,8607.248520710058,7579.681818181818,8141.2721893491125,29.19363636363636,33.753915767490426,29.724242424242423,31.926557605290636,0.8855169121162725,0.8676337384936785,0.8834361360350965,0.8747997387299062,0.6313883460649055,0.6208003264487372,0.630134666713443,0.6250706977820644,0.7710168793533587,0.7351362836831117,0.766846396232791,0.7494753866546371,0.3986512435465769,1.5132493857597686,0.3853930453188587,1.5634985847073595,0.3970696981940619,1.5193296428937377,0.39071337722575683,1.5437359790157414,1.0
2055.8409090909095,3042.1597633136093,2700.836363636364,2387.130177514793,8.062121212121212,11.93003828750435,10.591515151515152,9.361294813783502,0.9683843245918415,0.9532162556006272,0.9584652852145856,0.9632896045041246,0.714105731253175,0.7022728294980585,0.7075783643669673,0.708815589133005,0.9311849041133181,0.8987825109821074,0.9096119638731491,0.9205763860791766,0.5099469954086318,1.1410987375353818,0.49318712705120904,1.2145726359987807,0.5006671417202326,1.187432973342628,0.5024195393979689,1.1696226894923387,1.0
4889.04133810871,5960.857593738165,5774.607235297658,5790.106425956319,19.172711129838078,23.375912132306528,22.64551856979474,22.706299709632624,0.9248140537921952,0.9083311660914378,0.9111954105235189,0.9109570567779608,0.6710228349579476,0.6597494030577934,0.6616662780191717,0.6613778511082068,0.8434236012561805,0.8096010089546811,0.8154789878437485,0.8150550647770557,0.450271645035001,1.3538497813929866,0.4352692748351147,1.4123551427262224,0.43780226346774376,1.4026025939708313,0.4374206619365094,1.4036933182909077,1.0
1801.1399205441521,3309.28897866431,3240.8776259555766,2355.709380128772,7.063293806055499,12.977603837899256,12.709324023355203,9.238076000504988,0.9723012345747217,0.9491082185792712,0.9501602801040265,0.9637728081055461,0.7072191159938935,0.6937183987601011,0.6943292890815271,0.7033010938057868,0.9414280948332647,0.8918220464128136,0.8940804564014889,0.9229937845768531,0.5001588780271842,1.1421285314470917,0.4812452167782787,1.2447578744529975,0.4820931616764589,1.2405042187711852,0.4946324285484161,1.1800086885056476,1.0
2016.183962264151,2262.681497941971,2088.3658018867923,2079.5980530794677,7.906603773584906,8.873260776243024,8.189669811320753,8.155286482664579,0.9689941875209278,0.9652034340426603,0.9678841416989081,0.9680189762082941,0.7422775402525524,0.7392781698010862,0.741576667629417,0.7410531539011884,0.9259956276602759,0.9171263820227612,0.9233461810643404,0.923832048499149,0.5509759467633796,1.0750509055249464,0.5465322123444436,1.0944588490454987,0.5499359539723507,1.0803821831969591,0.5491597769068983,1.0811687449333562,1.0
1593.1630244755245,1592.3423309197592,1409.0013111888113,1666.1628850535253,6.247698135198135,6.244479729097095,5.525495337995339,6.5339720982491185,0.9754995997835401,0.9755122207898416,0.9783317240613169,0.9743769740557081,0.739119538894221,0.738517448207367,0.7409545592194302,0.7377791191064421,0.9429951760143347,0.9431438188515201,0.9495829421816363,0.9405095866511235,0.5462976927752058,1.0594800948058003,0.545408021306721,1.0608195204325952,0.5490136588280601,1.044477158932148,0.5443180285894778,1.0667053039549832,1.0
1577.485393258427,2086.9090470349292,1934.0269662921348,2132.0208027509098,6.18621722846442,8.1839570471958,7.584419475655431,8.360865893140822,0.9757406976708021,0.9679065443509531,0.9702576359257508,0.9672127948397424,0.6903158772883561,0.6850590645522356,0.6865485911043508,0.6845854030405271,0.9514605389023062,0.9357645867126693,0.9404897014619465,0.9343760392449922,0.4765360104363927,1.164425327372387,0.46930592192518417,1.204235243718204,0.47134896794736914,1.1927924321341643,0.4686571740561608,1.2076332287449114,1.0
3553.2305084745763,4659.273991051862,4664.166101694916,4657.789673119065,13.934237288135593,18.271662710007302,18.29084745762712,18.265841855368883,0.9453567725452192,0.9283475226670583,0.9282722895196549,0.928370349196951,0.763085267708657,0.7516185712312938,0.7532419455796049,0.751631580474323,0.8507167175547239,0.805579855249764,0.8040425399167465,0.8056417922184642,0.5822991257939928,1.0896940648152609,0.5649304766197715,1.155874954965031,0.5673734285805484,1.151740702542336,0.5649500327663285,1.1557965834500232,1.0
1564.4903846153845,1623.2911543023001,1474.0515734265734,1586.7613955556942,6.13525641025641,6.365847663930589,5.780594405594406,6.222593708061546,0.975940540943386,0.9750362754236414,0.9773313509453669,0.9755980470034187,0.7560996432780897,0.7548516077370072,0.756975897923451,0.7552052680129978,0.9405684167050704,0.9384905574106865,0.9440039902267215,0.9398747361468736,0.5716866705652546,1.0178766240568766,0.5698009497031445,1.024169552828531,0.5730125100370148,1.0106094061581998,0.5703349968345839,1.021279083711796,1.0
1828.4741815389239,2342.764901958591,2205.531394514099,2141.6551548640396,7.170486986427153,9.187313341014082,8.649142723584701,8.398647666133488,0.9718808756260737,0.9639718742970721,0.9660823148507658,0.9670646333026167,0.7774902605287567,0.7719079133015898,0.7739846190603724,0.7737708570134834,0.9236255277699533,0.902474304220319,0.9078760324080476,0.9108461933488761,0.6044911052170739,0.9788898446876122,0.5958418266176146,1.017990401603148,0.5990521905420297,1.006315105218953,0.5987213391633804,1.003853920658917,1.0
2474.228130360206,2705.810894252195,2852.8301886792456,3072.7925581894815,9.702855413177279,10.61102311471449,11.18756936736959,12.050166894860713,0.9619501717719035,0.958388784574598,0.9561278536480908,0.9527451702674394,0.7451579163881229,0.74210573947741,0.7415624742126411,0.7386330405392925,0.9067705107800863,0.8983586196286869,0.8925046975021679,0.8845732797245633,0.5552603203558888,1.090543243545998,0.5507209285653135,1.1083681961480474,0.549914903160374,1.116101941204698,0.54557876857632,1.1324556951550808,1.0
3183.3569485377466,4411.215730066177,4622.296531398776,4542.413504304957,12.483752739363712,17.29888521594579,18.126653064308925,17.81338629139199,0.9510448597708956,0.9321622777032852,0.9289161791991085,0.9301446574554031,0.6853156033744499,0.6720406714093158,0.6700457510452266,0.6707449840382645,0.898806155423394,0.8601622016909765,0.8534352348354793,0.8560031650409328,0.46965747622848636,1.2571957752018892,0.451638664028284,1.334650505904529,0.4489613084937618,1.3465367526339165,0.4498988336124917,1.3421811967077104,1.0
2444.358420007012,3147.9312311942817,2731.674568857577,2565.694874777687,9.585719294145145,12.344828357624635,10.712449289637558,10.061548528539948,0.9624095220372311,0.9515896528897012,0.9579910409857968,0.960543553735772,0.737677351447676,0.730123751733,0.7349156722091592,0.7356955597500746,0.9104237251932932,0.8849688039301865,0.8998947004417721,0.9062447910960565,0.5441678748388581,1.1069445308886605,0.5330806928446714,1.1558465741947124,0.5401010452586403,1.1266295016065535,0.5412479566359756,1.1172634686359757,1.0
1881.7840909090908,2121.516474985175,1823.9335664335665,1922.6322329203208,7.379545454545454,8.319672450922255,7.152680652680653,7.539734246746356,0.9710610511040338,0.9673743352661216,0.971950703312005,0.9704328694226876,0.7691220062439349,0.7661893381528905,0.7696672171142835,0.7680588899639005,0.9239136663674369,0.9144550763910908,0.9262527414650146,0.9224745933239363,0.5915486604886955,1.002875533761402,0.5870461018991643,1.0221562997590687,0.5923876251004456,0.9985334427647847,0.589914458452579,1.007621971048144,1.0
1294.5633741258744,1704.9757537217943,1695.6013986013986,1849.0653576667396,5.076719114219115,6.686179426359977,6.649417249417249,7.251236696732312,0.980091603756561,0.9737800917521946,0.9739242549349276,0.9715642149652948,0.7047882578882871,0.7012648889973829,0.7011762321150607,0.6997697104643708,0.9588460095067324,0.9456793106915086,0.9460071689988633,0.9410886022363348,0.4967264884572067,1.1168874966663351,0.4917724445405116,1.1492706448850007,0.4916481084830735,1.1489134628952897,0.4896776476833891,1.160631616745736,1.0
1490.7246503496503,1700.5363733185604,1692.0646853146852,1700.5363733185604,5.845979020979021,6.668770091445335,6.635547785547785,6.668770091445335,0.9770749446321525,0.9738483626039038,0.9739786441528822,0.9738483626039038,0.6920965490969695,0.6900636573860659,0.6900175207336197,0.6900636573860659,0.954020674982461,0.9475221181321959,0.9478031541728584,0.9475221181321959,0.47899763327193395,1.1555004942200364,0.4761878512450337,1.172256588213739,0.4761241789193712,1.171854056015348,0.4761878512450337,1.172256588213739,1.0
1406.3487762237762,1547.1874902468712,1710.2534965034965,1867.5839159202274,5.51509324009324,6.06740192253675,6.706876456876457,7.323858493804813,0.9783725159747827,0.9762066328815109,0.9736989281748301,0.9712794279838799,0.7945153065268449,0.7925620556017218,0.7917101223524539,0.7896113513650431,0.9377769656735994,0.9317483695518006,0.9243308887390456,0.9176146084014356,0.6312545723054463,0.9119631864223692,0.6281546119796267,0.9248472612829117,0.6268049178353373,0.9356682929884836,0.6234860862045297,0.949175196392916,1.0
1976.76,2430.6138625130075,2337.2218181818184,2355.020608415713,7.752,9.53181906867846,9.165575757575759,9.23537493496358,0.9696004675053056,0.9626208922198349,0.9640571184113766,0.9637834003565388,0.6905377632669369,0.6853818454206221,0.6867799783239685,0.6861670655216199,0.9384218688699294,0.9243738507916875,0.9271931081162802,0.9267258602168267,0.4768424024977043,1.1869716239793264,0.46974827403217756,1.2215398485732372,0.47166673862667075,1.2138966182127042,0.47082524180655094,1.2160745638509916,1.0
407.792060622143,480.2548677634319,429.72153673609773,466.3525354019159,1.5991845514593843,1.8833524226016938,1.6851824970043048,1.828833472164376,0.993728784476638,0.9926144178057479,0.9933915428177021,0.9928282143234719,0.7551207871554909,0.7544644872318469,0.7551582515899466,0.7546045813347745,0.9851938264409763,0.9825583715345952,0.9843832474516483,0.9830632397194241,0.5702074031943283,0.9408747528246075,0.5692166624940137,0.948580668696051,0.5702639849443851,0.9426874591596671,0.5694280741714303,0.9470894118757517,1.0
239.13499998150803,264.47532278217415,240.47271305494326,273.81877342773845,0.9377843136529728,1.0371581285575455,0.9430302472742873,1.0737991114813272,0.9963224710118798,0.9959327757699663,0.9963018990395389,0.9957890878505868,0.8047097572103652,0.8043335557603416,0.8047044148101685,0.8042456002757115,0.9894558028115207,0.9883457758674246,0.9893964595056004,0.9879340173392114,0.647557793349565,0.8033153560183133,0.6469524689220747,0.8066901664009813,0.6475491952149758,0.8034568722066402,0.6468109855628394,0.8077875336564038,1.0
428.8647991497404,548.826166180758,523.7973359117268,532.0500832986255,1.6818227417636877,2.152259475218659,2.0541071996538305,2.0864709148965708,0.9934047181258306,0.9915598965616713,0.9919448015269012,0.9918178869483187,0.7264377400600676,0.7252638633790812,0.7256948407325169,0.7254390827248683,0.9858388041933597,0.9818732596886699,0.982690743422203,0.9824273251892115,0.5277117901835783,1.0069100649401843,0.5260076715235505,1.0196486199950594,0.526633001865793,1.016641356603607,0.5262618627446984,1.017881549000703,1.0
196.09520913002797,235.95598188254894,200.28871415798778,210.66396813827572,0.7690008201177567,0.9253175760099959,0.7854459378744619,0.8261332083853951,0.9969843568860144,0.9963713594272667,0.9969198672199122,0.9967603117500957,0.8033365589727207,0.8028052636011634,0.8032725264080256,0.8030464404468339,0.9914240214668975,0.9896879276291057,0.9912415896131732,0.9907932475890678,0.6453496269821316,0.8027074999964842,0.6444962912657335,0.807993385630566,0.6452467516819322,0.8032927128802567,0.6448835855143303,0.8049088242119267,1.0
483.8162485483823,583.115576842982,509.72880291470034,589.1489483548521,1.897318621758362,2.2867277523254197,1.9989364820184328,2.310388032764126,0.9925596492395599,0.9910325780942548,0.992161153955115,0.9909397941076669,0.7566677006371454,0.7556634619619715,0.7565671707706141,0.7556036627063435,0.9822875118137488,0.9786530173001513,0.9813281738870542,0.9784321066646902,0.5725460091875048,0.9437548784701122,0.571027267744352,0.9541522633281652,0.5723938838878514,0.9461315462615263,0.5709368950952416,0.9547683697357889,1.0
425.7309432417489,464.48685443565176,401.28386106262116,417.18281445231156,1.6695331107519564,1.8215170762182422,1.5736622002455731,1.6360110370678884,0.9934529120160898,0.9928569056310452,0.9938288705892624,0.993584369106937,0.8007688846109036,0.8002763056303371,0.8010353256488388,0.8007251599323828,0.9814140176360111,0.9797336163025645,0.9824785293938981,0.9817975233770694,0.6412308065609905,0.8301318444726041,0.6404421653533408,0.8345864880479487,0.6416575929373413,0.827397665701412,0.6411607817487399,0.8295368148316853,1.0
693.333679864676,771.857793627655,717.4500913964376,769.3902800916285,2.718955607312455,3.0268933083437455,2.8135297701821087,3.017216784673053,0.989337592964896,0.9881300127083374,0.9889667195983693,0.9881679592764182,0.7932129166639317,0.7924526366081205,0.7931585633048391,0.792476628973106,0.9704034832282663,0.9670538048014324,0.9693504872111048,0.9671590396526255,0.6291867311625015,0.870374337571415,0.6279811812671618,0.8779185144112613,0.6291005065437965,0.8722487261106262,0.6280192074685781,0.8776839830502206,1.0
432.4871457867953,492.67518742190754,462.3076259856207,499.8520408163265,1.6960280226933149,1.9320595585172844,1.8129710822965517,1.960204081632653,0.9933490119984807,0.9924234123670239,0.9928904188173098,0.9923130433854714,0.7891075342200379,0.7883922015351733,0.7888346088635526,0.7883238661663494,0.982058142982128,0.9795731261716936,0.9808199124637964,0.9792755131135453,0.6226907005628283,0.8606728345527426,0.6215622634414772,0.8674122871493412,0.6222600401409142,0.8638273494162088,0.6214545179674603,0.8681616733549378,1.0
184.92004429745404,180.96353082049148,171.41515444934686,204.7359173261141,0.7251766443037413,0.709660905178398,0.6722162919582231,0.8028859502984868,0.9971562137560752,0.9972170588561423,0.997363898218415,0.9968514760660949,0.8106458106354081,0.810557865914533,0.8108092040056908,0.8103336560281417,0.9916362277979651,0.9918200630234705,0.9922457106657631,0.9907455005272805,0.6571466303007378,0.7823276572908604,0.6570040539959221,0.7821626046057407,0.6574115653003421,0.7805230098221502,0.6566406340919347,0.7851290815370273,1.0
2175.3312937062938,2208.782009768734,1910.8356643356644,2222.98802705908,8.530710955710957,8.661890234387192,7.493473193473194,8.717600106114041,0.9665467460138053,0.9660323253810978,0.9706142825279787,0.9658138586556289,0.7056216989514834,0.7047351805729628,0.7083177065598539,0.7045907283316789,0.9287859204037039,0.9278092562842721,0.9374447453180368,0.9273449538094721,0.49790198203117786,1.1657950484519102,0.49665167473720645,1.1694369457192924,0.501713973426211,1.1458676345965453,0.4964480944509657,1.1704807861693003,1.0
307.3207905167759,341.2014525197834,340.5381600930885,366.14741253644314,1.2051795706540231,1.338044911842288,1.3354437650709352,1.4358722060252673,0.9952738782868887,0.9947528457460126,0.9947630461647173,0.9943692151979755,0.8104702010064825,0.8100232447747934,0.8101771068701834,0.8097896303541258,0.9860351156786616,0.9845050968007973,0.9845242877723445,0.983372180014719,0.656861946719488,0.7943548770551415,0.6561376570754849,0.7985313832606187,0.6563869444965406,0.7980627384882885,0.6557592454290716,0.8013033395723881,1.0
179.9750150709351,218.0063254893794,194.50197782908265,228.50830383173678,0.7057843728271964,0.8549267666250173,0.7627528542316967,0.8961109954185756,0.9972322607100093,0.9966473975719038,0.9970088583362181,0.9964858932760474,0.7888787589980181,0.7883759371582842,0.7887660742619481,0.7882747906904667,0.9926174801741242,0.9910624962741199,0.9920206448616944,0.9906319284597339,0.6223296963982531,0.8380645925944936,0.6215366182902028,0.8431629341017253,0.622151919906605,0.8398320278582612,0.621377145638099,0.8444490536742735,1.0
156.93328314311287,193.97816014160765,165.44805231278755,166.5195491461891,0.6154246397769132,0.7606986672219908,0.6488158914226964,0.6530178397889769,0.9975866071549363,0.997016913847667,0.9974556630838005,0.9974391851083231,0.8313703770951596,0.8308889920920838,0.831281673079255,0.83114234938101,0.992123673713243,0.9902718430597824,0.9916967916008163,0.9916488825987032,0.6911767039113479,0.7227409969612555,0.6903765171797988,0.727795537258227,0.6910292199974455,0.723856619062272,0.6907976049345846,0.7243574919660842,1.0
152.22874166013287,258.9158944189921,277.1020024927142,257.9379164931279,0.5969754574907171,1.0153564487019298,1.0866745195792713,1.0115212411495211,0.9976589557767641,0.9960182712389045,0.9957385968306106,0.9960333110372293,0.7965755142096296,0.7958239768609958,0.7958613714769772,0.795833351041656,0.9935530848598606,0.9890217560807808,0.9882397267724193,0.9890632231380345,0.6345325498383358,0.8156606229256175,0.6333358021468508,0.8282273913108853,0.633395322609215,0.8298335317260305,0.6333507226301917,0.8281110478951451,1.0
391.4464093034824,426.9249791753436,417.9150915767342,462.7039254477301,1.5350839580528721,1.6742156046091907,1.6388827120656242,1.8145251978342358,0.9939801554869825,0.9934345495774715,0.9935731078095419,0.9928843243402988,0.8479332906818194,0.8476746350663616,0.847912659461365,0.8473537273307198,0.9781113443405222,0.9761187778953384,0.9766000597130459,0.9741175011194672,0.718990865446499,0.6956667913754134,0.7185522869348894,0.699235553437525,0.7189558780748446,0.6978201393870833,0.7180083392212638,0.7029476857967154,1.0
307.55376301832916,321.4688671386922,331.3319886607394,358.63955122865474,1.2060931883071733,1.2606622240733028,1.2993411320028996,1.406429612661391,0.9952702955276608,0.9950563025999032,0.9949046229406585,0.994484674572807,0.8159800853490774,0.815881214192917,0.8159763720891764,0.8155347759200529,0.9856442461625101,0.984992423768783,0.9845176144362937,0.9832571092149858,0.6658234996862876,0.7795463401795011,0.6656621556729085,0.7810416123584697,0.665817439807814,0.7816449004540044,0.6650969707349709,0.7851950750572331,1.0
164.37337270884802,222.32447417742605,227.93728942297736,252.10014056643064,0.6446014616033255,0.8718606830487297,0.8938717232273622,0.9886280022212967,0.9974721900054002,0.9965809910777623,0.9964946746005755,0.9961230870641523,0.8150900006733385,0.8146260806231232,0.8147628639040059,0.8143470274462051,0.992411296837683,0.9897318381276392,0.9894628420505929,0.9883566347746532,0.664371709197663,0.7683441795115782,0.6636156512313912,0.7753479994611816,0.6638385243970576,0.7755172410752539,0.6631610811104703,0.7789189891815501,1.0
204.85798128522714,223.73878071636815,232.1007334829948,260.16469700124946,0.8033646324910868,0.8774069832014438,0.9101989548352738,1.02025371373039,0.996849598909894,0.9965592412155697,0.9964306472259866,0.9959990665733515,0.8167528593960148,0.8166441355495044,0.8167719483872544,0.8163036381432529,0.990446647634865,0.9895626512602915,0.989161506460117,0.9878633929099447,0.6670852333315663,0.767910818638824,0.6669076441273973,0.7700319065693828,0.6671164156723118,0.7704828639061618,0.6663516296459107,0.7743805285700412,1.0
184.30379445463555,230.32884735526864,203.49772248583517,230.25361828404831,0.7227599782534728,0.9032503817853672,0.7980302842581771,0.9029553658197973,0.9971656907320974,0.9964578961130122,0.9968705176008699,0.9964590530205757,0.8449044411751434,0.8446780678910115,0.8451234264718839,0.8446794697432716,0.9899955836527631,0.9874830683272448,0.9889277638922384,0.9874871026341491,0.7138635147174813,0.6865314236264144,0.7134810383760922,0.6915492463265013,0.7142336059715777,0.6877305778646151,0.7134834066057744,0.6915381901890254,1.0
176.11969593232686,212.43937421907538,197.79365381877153,210.43828092461473,0.6906654742444192,0.8330955851728447,0.7756613875245942,0.8252481604886852,0.9972915495965871,0.9967330087315985,0.9969582374155143,0.9967637824727861,0.805998023120294,0.8054934708164785,0.8057437289991475,0.8055118153938343,0.9922095004473408,0.9906098962859916,0.9912527459625379,0.9906983745714553,0.649632813273822,0.7937224839915114,0.6488197315279771,0.7986785824833149,0.6492229568214517,0.7965751854289821,0.6488492847390706,0.7984341674347173,1.0
902.8723776223776,882.0414664024221,797.5288461538461,900.8137035360943,3.5406759906759904,3.4589861427545965,3.1275641025641026,3.532602758965076,0.9861152096450285,0.9864355570632913,0.9877352313512465,0.9861468688903501,0.7889362683706416,0.7884734858762638,0.7899355150988365,0.7882954146067862,0.9618425764558909,0.9628293315292188,0.9662946317490902,0.9620382387863838,0.6224204355505929,0.8959118811920501,0.6216904379298664,0.8957066057347618,0.6239981180144643,0.8861874988312171,0.621409660690085,0.8974197584982717,1.0
178.41935997991774,267.1309089962516,242.19370346964362,246.65355581007915,0.6996837646271283,1.047572192142163,0.9497792292927201,0.9672688463140359,0.9972561842958214,0.9958919369329767,0.9962754328504038,0.9962068471717456,0.7946897935022964,0.7941032518542437,0.7945440733201309,0.7942999442508157,0.9924976229075532,0.9887543729708855,0.9897952409621207,0.9896164247541863,0.6315318678967223,0.82321088313562,0.6305999746054843,0.8333999652738485,0.6313002844481455,0.8299093748152062,0.6309124014368488,0.8309594251323332,1.0
173.94027575650546,259.05882965431067,273.5623235175008,268.04118075801745,0.6821187284568841,1.0159169790365126,1.0727934255588265,1.0511418853255587,0.9973250657312996,0.996016073114534,0.995793031656299,0.9958779383514591,0.8347601649869895,0.8341952529179766,0.834254005567943,0.8341131235370443,0.991098478085086,0.9867266834048765,0.9859686484719916,0.9862664574780968,0.696824533049106,0.714852353726354,0.6958817199908869,0.7245360599741093,0.6959797458061576,0.7256747706861657,0.6957447028567245,0.7255816090893142,1.0
144.3527680592334,177.98445960016662,209.30700454069708,213.02616097459392,0.5660892865067977,0.6979782729418298,0.8208117825125376,0.8353967097042899,0.9977800761532428,0.9972628723956545,0.9967811797659291,0.9967239848526036,0.8595025208417055,0.8592444512959919,0.8591121384022431,0.8589334415301001,0.9914300699866916,0.9894305242076727,0.9875583766411011,0.9873495358480457,0.7387445833332463,0.6387574973396954,0.7383010270829503,0.6428600283704984,0.7380736663500748,0.6462205882752055,0.7377666569787419,0.647113171582824,1.0
135.92066655140022,198.04805289462723,227.77195409929433,237.34771970012497,0.5330222217701969,0.7766590309593224,0.8932233494089974,0.930775371373039,0.9979097489227171,0.9969543251484847,0.9964972172038986,0.996349956637343,0.8716088633168234,0.8714955713519481,0.8714295766785227,0.8711510775326109,0.9912251164484867,0.9871736957361084,0.9852275735653867,0.9846285079569328,0.7597020106124449,0.6000234747207462,0.7595045308860585,0.6063530487287503,0.7593895071101092,0.6092537147803192,0.758904199886229,0.6109929398577182,1.0
170.7162369446869,178.44335693461056,146.712554042709,176.23162224073303,0.6694754389987722,0.6997778703318062,0.5753433491870941,0.6911044009440511,0.9973746464960986,0.9972558152595176,0.9977437862694505,0.9972898283418827,0.8014090013830008,0.8011771414394755,0.8016381546008728,0.8011982526474904,0.9926071297276304,0.9922780162411988,0.9936466097263076,0.9923737271697436,0.6422563874976984,0.8051447456503505,0.6418848119651291,0.8065397435886072,0.642623730911893,0.8020335783119179,0.6419186400453918,0.8062585691955101,1.0
176.82612867897245,249.85831424406499,227.33607006413007,237.4756091211995,0.6934357987410684,0.9798365264473136,0.8915140002514905,0.9312768985145079,0.997280685746025,0.9961575629095429,0.996503920430841,0.9963479898944853,0.8421958801270245,0.8419128193060528,0.8423488566620786,0.8420250578435592,0.9905575992298039,0.9866280551853581,0.987816843491027,0.9872907541636167,0.7092939005029335,0.6937221542604477,0.7088171953118663,0.7014345466307763,0.7095515963199109,0.6980970764251577,0.7090061980364492,0.6999775487603692,1.0
217.91195661419886,258.9685547688463,209.35961123459623,211.64946897126197,0.8545566926047014,1.0155629598778286,0.8210180832729264,0.8299979175343607,0.9966488488202534,0.9960174614036101,0.9967803707557809,0.9967451562610146,0.8043484105607068,0.803801653498128,0.8044296273145086,0.8042509169698444,0.9904164732938251,0.988619067525167,0.9907925959794243,0.9906986069530864,0.6469763655715354,0.8022159883257429,0.6460970981663248,0.8075695007797173,0.6471070253013592,0.8011657620672854,0.6468195374468355,0.8018585878962157,1.0
213.55311626255605,243.0124687630154,185.3484130906327,205.84930758017492,0.8374632010296316,0.9529900735804525,0.7268565219240498,0.8072521865889213,0.9967158810896786,0.9962628414978161,0.997149626102011,0.996834353834156,0.8597295095879278,0.8595108358351372,0.8600565975546841,0.8598416958759082,0.9872504886203143,0.985487547258891,0.9889287120718303,0.9877068311863034,0.739134829656299,0.6447129420414437,0.7387588769180161,0.6480538276590961,0.7396973509973399,0.6410670782949617,0.7393277419667579,0.6436554430407719,1.0
180.09525894270456,221.48943148688048,182.53019734603606,178.9850062473969,0.7062559174223708,0.8685860058309038,0.7158046954746513,0.7019019852839095,0.9972304115439562,0.9965938327517165,0.9971929659313807,0.9972474855250607,0.8419070051713318,0.8413934422975476,0.8418848899906625,0.8417794021023461,0.9903975836201029,0.9881999909001684,0.9902677562579311,0.9904644447896479,0.7088074053565607,0.6948841988153484,0.7079429247413167,0.7003378636467407,0.7087701679945898,0.6951868588264256,0.7085925618037834,0.6951465641126787,1.0
178.41935997991774,234.36112557267805,198.64287616314334,186.50039046230737,0.6996837646271283,0.9190632375399139,0.778991671228013,0.7313740802443426,0.9972561842958214,0.9963958858676117,0.9969451776802641,0.997131910459473,0.8232649648091223,0.8227063743438712,0.8231998036625058,0.8231506851417996,0.9914119841864995,0.9887215695051212,0.9904325012734869,0.9910248268096643,0.6777652022821653,0.7475046831137578,0.6768457783860379,0.7544727218521913,0.677657916749988,0.7496860861091468,0.677577050449414,0.7486253708897822,1.0
3662.519230769231,4099.831222106052,3863.606643356643,4040.216685262632,14.362820512820512,16.077769498455105,15.1513986013986,15.84398700102993,0.9436760798639126,0.9369508931488012,0.9405836643287817,0.9378676731574658,0.6994972076107039,0.6946324270985871,0.6975284668807336,0.6952094903830736,0.8768995302793112,0.8624595117381922,0.8701453039538471,0.864459450774886,0.4892963434551722,1.246711255043646,0.4825142087768739,1.2743459983240095,0.4865459621089866,1.2589598445274328,0.48331623551869285,1.2708320033421998,1.0
173.92524527253428,247.1575905872553,250.98653659278517,258.1410349854228,0.6820597853824873,0.9692454532833541,0.9842609278148439,1.0123177842565598,0.9973252968770563,0.9961990958910704,0.9961402125827702,0.996030187386808,0.8386900792709227,0.83816638394272,0.8383084605544489,0.8380663987121001,0.9909001059025754,0.9870579358236935,0.9868441512657521,0.986482803002807,0.7034010490674666,0.7035917951506299,0.7025228871716153,0.7120598011728799,0.7027610750371699,0.7119987173430855,0.7023552886502687,0.7133459620007754,1.0
3553.638986013986,3965.1277367279426,3773.9256993006993,3974.5138552947783,13.93583916083916,15.54952053618801,14.799708624708625,15.586328844293249,0.945350490788085,0.9390224258492303,0.9419628194983437,0.9388780817627598,0.7055638863806938,0.7009462777472032,0.7034183125147252,0.7008558788104261,0.8786938528989896,0.8649167123213006,0.8711790920104915,0.8645969476532409,0.4978203977646285,1.2288551074345728,0.4913256842876594,1.2552354266871277,0.49479732238106355,1.2423693989179272,0.49119896286313475,1.2557924200496557,1.0
1212.5874125874125,1438.3592506476077,1380.076048951049,1326.7405433663118,4.755244755244755,5.64062451234356,5.412062937062937,5.202904091632596,0.9813522681298648,0.9778802440462645,0.9787765501653023,0.9795967683178065,0.7825715958505924,0.7797735889198598,0.7809911853408081,0.780826745610692,0.9495018777863073,0.9402679963156727,0.9425265154930367,0.9449032840795356,0.6124183026321429,0.9318054515257697,0.6080468499769586,0.9521159308864051,0.6099472315800405,0.9456887940819465,0.6096904066609843,0.943022977265111,1.0
2869.0323426573427,3090.316118410786,2857.159090909091,3141.051894447739,11.251107226107226,12.118886738865829,11.204545454545455,12.31785056646172,0.9558786894064321,0.9524756848274416,0.9560612817809939,0.9516954465221952,0.7324595436092795,0.7296630113227689,0.7325732035930536,0.7291794233534787,0.8952787082904833,0.8874681993513045,0.8957120886471222,0.8856206899004968,0.5364969830243139,1.138476203056689,0.5324081100926112,1.154525546382004,0.5366634986225896,1.137690297859855,0.5317026314421118,1.1577846080578262,2.0
1452.326048951049,1404.8736384632189,1440.7054195804196,1512.940841421928,5.69539627039627,5.509308386130271,5.649825174825175,5.933101338909522,0.9776654561413733,0.9783952013277271,0.9778441635717956,0.9767332937375524,0.7306710693673701,0.7305147145843062,0.7307879109448105,0.7294274396157151,0.9497283269464218,0.951472034195283,0.9501305702862138,0.9477391137487662,0.5338802116104563,1.0704619218086406,0.5336517482241904,1.067952913908848,0.5340509707830804,1.0695025179995707,0.5320643896643377,1.0768571734835635,2.0
2317.0524475524476,2443.181295059455,2034.1153846153848,2443.181295059455,9.086480186480186,9.581103117880216,7.976923076923077,9.581103117880216,0.9643672923514832,0.9624276244108595,0.9687184297878482,0.9624276244108595,0.715877192761721,0.7140016763041744,0.7187073098925559,0.7140016763041744,0.921366525842234,0.9172475509079523,0.9309685200699597,0.9172475509079523,0.5124801551164022,1.1505943978529505,0.5097983937651712,1.1609698624964004,0.5165401972929945,1.129807778786355,0.5097983937651712,1.1609698624964004,2.0
1199.1984265734266,1364.285017633657,1267.4064685314684,1116.4407516931433,4.7027389277389275,5.350137324053557,4.970221445221445,4.3781990262476205,0.9815581701692643,0.9790193919719242,0.9805092352515691,0.9828308560930529,0.7803800036175679,0.7781458141400155,0.7797331524592162,0.7804979307576885,0.9505447471466006,0.9438935080690144,0.9477318298787648,0.9540861526611625,0.6089929500461552,0.936569332215416,0.6055109080636275,0.9520175875709526,0.6079837890439872,0.9423089106037806,0.6091770199170334,0.9311776182823825,2.0
2494.3933566433566,2622.278584469898,1993.4431818181818,2569.7670562716517,9.781934731934733,10.283445429293717,7.817424242424242,10.077517867731968,0.961640061565476,0.9596733831933395,0.9693439057943256,0.9604809298392696,0.6856548025625877,0.6840180949297324,0.6908652298841361,0.6845610507152161,0.9221877815275,0.9182696762632696,0.9378148454560975,0.9199063384489625,0.4701225082771411,1.2241783792660321,0.4678807541913005,1.2338724386927438,0.4772947658628603,1.1872123998666497,0.46862383215632075,1.2301758454500828,2.0
1601.4995629370628,1857.6904395930214,1713.7902097902097,1782.6014910583317,6.280390442890442,7.285060547423613,6.72074592074592,6.990594082581693,0.9753713966269328,0.971431574453403,0.9736445389568755,0.9725863271451678,0.738953386262871,0.7357516495635628,0.737790944988827,0.7364920996308801,0.9427133718083108,0.9337021364365388,0.9387077560492951,0.9363819353734204,0.5460521070693638,1.0603390946485893,0.5413304898355037,1.08190331039329,0.5443354785075064,1.069339597159407,0.5424206128187021,1.076124880773543,2.0
1386.6442307692307,1495.4369986891795,1209.555944055944,1509.896694859711,5.437820512820513,5.86445881838894,4.743356643356644,5.921163509253769,0.9786755416176725,0.9770024759528622,0.9813988874595401,0.976780108035867,0.7230694787537159,0.7213626059588668,0.7248752474368872,0.7212155818655573,0.953265913942596,0.9496948009256034,0.9592343224553014,0.9492083893315,0.5228294711051705,1.0833795022659076,0.5203640092757673,1.0937257655358619,0.5254441243466885,1.0682654411363024,0.5201519155256744,1.0949118556331676,2.0
1416.0747377622376,1514.209235822852,1459.652097902098,1466.7712852283012,5.5532342657342655,5.938075434599419,5.724125874125875,5.7520442557972595,0.9782229456254077,0.9767137877799211,0.9775527927613247,0.9774433105953266,0.7261371864392714,0.7244777941219779,0.7254515305819056,0.7249580427438987,0.9517582083471895,0.9485251821447434,0.9503126953823524,0.9501378125583694,0.5272752135299411,1.078398633142774,0.524868074175847,1.087968645639957,0.5262799232236295,1.0825528903864166,0.5255641637390644,1.0840744329348322,2.0
1343.4458041958042,1441.14971832964,1176.4624125874125,1445.715938172966,5.268414918414918,5.651567522861334,4.613578088578088,5.669474267344964,0.9793398670655461,0.977837330939476,0.9819078151418292,0.9777671094920037,0.7058228348689711,0.7043470291919475,0.7075693215436335,0.7042993913247951,0.9570986586836749,0.9540399584034238,0.9624310743681598,0.953894336022023,0.49818587422247096,1.117822184472953,0.49610473753152207,1.1270263790004666,0.5006543447897178,1.1033536237001673,0.4960376326204769,1.1274079470109497,2.0
1544.027972027972,1914.8950270746857,1731.4737762237762,1726.5384585374989,6.055011655011655,7.509392263037983,6.79009324009324,6.7707390530882305,0.9762552214186945,0.9705518557642376,0.9733725928671028,0.973448490472465,0.8077005582099341,0.8037359413413069,0.8060041734487815,0.8054459736716993,0.9268115713438838,0.9095078690787542,0.9179264577864824,0.9184046941886908,0.6523801917326393,0.8836549916644806,0.6459914634037967,0.9130958150192452,0.6496427276168535,0.8979025264862261,0.6487432165039518,0.8992045764344114,2.0
1449.2945804195804,1727.8068529384227,1610.4676573426575,1750.1305943946818,5.683508158508158,6.775713148778128,6.315559440559441,6.86325723292032,0.9777120754710487,0.9734289845148338,0.9752334811099768,0.9730856796605254,0.692284656527527,0.6892091809175975,0.6905766037523673,0.6889734009868613,0.9553296983423103,0.9467640230352644,0.9503620057403221,0.9460761995184683,0.47925804566343605,1.1525533442717086,0.4750092950611057,1.1755981694031763,0.47689604565015403,1.165874089744074,0.4746843472674024,1.1773779782877414,2.0
1723.7687937062935,1721.2112020536188,1541.1228146853148,1909.9482889110825,6.759877622377622,6.749847851190662,6.043618881118881,7.489993289847383,0.973491083663361,0.9735304154945158,0.9762998982763,0.9706279289989991,0.8060702008599773,0.8054912714078195,0.8077219152181125,0.8037768969632721,0.9182931308418941,0.9186576100509611,0.9269510927473672,0.9097432352623215,0.6497491687144441,0.8973363945252154,0.6488161883141856,0.8988137688576334,0.6524146923236156,0.8834440083901957,0.6460573000919065,0.9127474176666348,2.0
1392.4545454545455,1421.6164445554134,1410.3907342657342,1550.4853156892732,5.46060606060606,5.574966449236915,5.530944055944056,6.080334571330483,0.9785861879024613,0.9781377226869956,0.978310356868549,0.9761559173916698,0.762283179312687,0.7613234650222822,0.7621100313101314,0.7600803684563898,0.9461914035296884,0.9452067490710483,0.9454982957014242,0.9402397662959041,0.5810756454630581,0.9930298601146051,0.5796134183935342,0.9970661880627729,0.5808116998235296,0.9945005273457723,0.5777221665128014,1.007465035895293,2.0
897.4409965034965,1058.9824853312944,1126.1905594405594,1159.94667964483,3.519376456876457,4.152872491495272,4.416433566433566,4.548810508411099,0.9861987359440302,0.9837144759737444,0.9826809190256119,0.9821618017463041,0.8435799239980811,0.8416029269239576,0.8415565295575429,0.8407114684332437,0.9497693257907245,0.9409259277927923,0.9369662820323069,0.9352937608893384,0.7116270881726083,0.7437391541242087,0.7082954866069723,0.7592627139897528,0.7082173924409355,0.763214549243534,0.706795773155181,0.7676448308516199,2.0
1829.9965034965035,1963.7282115102525,1668.3181818181818,1905.1283901875722,7.176456876456876,7.700894947099029,6.542424242424242,7.471091726225774,0.9718574646526543,0.969800876395438,0.9743438289020057,0.9707020516379976,0.7003279398950787,0.6984898042994131,0.7020055972636408,0.6990962572309296,0.9416350862389249,0.9374522357337786,0.94679156674791,0.9393187301848183,0.4904592233976849,1.15838424583331,0.48788800671023247,1.169683197894667,0.49281185858948096,1.14557982518006,0.488735576874294,1.165176634003927,2.0
1536.4493006993007,1711.5714046065978,1407.8645104895106,1587.2687533160638,6.025291375291375,6.712044723947442,5.521037296037297,6.224583346337505,0.9763717697428829,0.9736786607725125,0.978349206309945,0.9755902446203661,0.7091658658289131,0.7068427985765652,0.7104957094048753,0.7081252540485118,0.9501520651843484,0.9445559613081779,0.9543238177034484,0.9485825774277855,0.502916225256872,1.1226011824959121,0.4996267418995507,1.1378352641681397,0.504804153082737,1.1119385694369999,0.5014413754212694,1.127847424112442,2.0
1219.1555944055945,1298.5821876658033,1050.4038461538462,1052.259995006398,4.781002331002331,5.092479167316876,4.11923076923077,4.126509784338816,0.9812512595822349,0.9800298005772182,0.9838464022674953,0.9838178575491896,0.7816936315039494,0.7802740862911863,0.7832940295926842,0.7826102565275089,0.9494031951285662,0.9462581517547318,0.956406648434434,0.9564522003279212,0.6110449335338323,0.9344388671123919,0.6088276497375459,0.9427800161712987,0.613549536795545,0.9199285815802631,0.6124788136220533,0.9217837618342415,2.0
807.3811188811189,987.8255594394682,1043.0777972027972,1036.0245466745732,3.166200466200466,3.873825723292032,4.090501165501166,4.0628413595081305,0.9875837185298016,0.9848087601968526,0.9839590656475441,0.9840675338068684,0.7875926498321549,0.7852141395320649,0.7853538209920761,0.78475669959154,0.96620775092988,0.95877238031263,0.9563428672057183,0.9567607604511508,0.6203021820696353,0.8928673706602455,0.616561244921081,0.9110216233826997,0.6167806241468539,0.9142113101289242,0.6158430775538066,0.9152873743925956,2.0
1491.73513986014,1580.6731024312598,1199.7036713286714,1480.4699447582784,5.849941724941725,6.198718048750039,4.70472027972028,5.80576448924815,0.9770594048555941,0.9756916756000482,0.981550400280985,0.97723264625291,0.7564141411746971,0.7548736314109288,0.7592545874520641,0.7558456517575494,0.9434147822821639,0.9401923559163098,0.9544922609751049,0.9439837247837559,0.5721623529690545,1.012978008512205,0.5698341993995228,1.0217329121499417,0.5764675285670041,0.9886870107361707,0.5713026492807948,1.0136932833764354,2.0
1437.4213286713286,1400.8147763802629,1259.8277972027972,1545.6654169657627,5.636946386946387,5.4933912799226,4.940501165501165,6.061433007708873,0.9778946678456106,0.9784576203921468,0.9806257835757575,0.9762300400306684,0.7450296383446143,0.7447243580534164,0.7467844607455817,0.7432951599745946,0.9477794706539815,0.9492284819840074,0.9542313216434805,0.9439784753220858,0.5550691620119068,1.0367329663450018,0.5546143694780731,1.0352659120869787,0.5576870308110694,1.0218849602754356,0.5524876948416583,1.0470878141107907,2.0
