contrast_0,contrast_45,contrast_90,contrast_135,dissimilarity_0,dissimilarity_45,dissimilarity_90,dissimilarity_135,homogeneity_0,homogeneity_45,homogeneity_90,homogeneity_135,energy_0,energy_45,energy_90,energy_135,correlation_0,correlation_45,correlation_90,correlation_135,asm_0,entropy_0,asm_45,entropy_45,asm_90,entropy_90,asm_135,entropy_135,label
280.5098679098615,299.6392025062067,253.7046620046572,311.0367458881259,8.662059052058975,9.008350628883221,8.091658896659002,9.200746699542705,0.24629158165420717,0.22396683582044102,0.24641340817195587,0.23013410236309617,0.021496050799473258,0.020157184803614295,0.02152983054032399,0.021046430609644406,0.968166920995393,0.9659788649042524,0.9711846139748477,0.9646848427602347,0.0004620801999735566,12.934499654840327,0.0004063120992069504,13.005976055709674,0.00046353360309508334,12.844917734624131,0.00044295224140645183,13.014964725853968,0.0
445.6260761460683,473.745113682536,411.9869871794744,472.40650650736075,9.654941724941605,10.177192893481811,9.33023892773879,10.263868949160605,0.4370597149064025,0.42496347642586896,0.4335164472411356,0.4259834368606889,0.33749379773873506,0.334431512180714,0.3371229880563466,0.33413577395958943,0.9554698557464898,0.952690203913493,0.9588466534552361,0.9528238140966174,0.11390206351211597,9.817991377265795,0.11184443633944795,9.904493740622048,0.11365190907604225,9.808938917243154,0.11164671543954029,9.916603467477309,0.0
694.7470843045463,789.9488253332288,712.6432556332237,700.638580256597,13.70277583527551,14.951860506851961,13.847735042734616,13.818072937799807,0.32329760899214455,0.3105381094137206,0.3203074558204384,0.31891536491342687,0.2345110569296652,0.22915615117435287,0.2316092093852386,0.23003008636408442,0.9372640496451157,0.928671451850586,0.9356054444720936,0.9367346928381397,0.05499543582227148,11.474744132074676,0.052512541621033505,11.60989602318528,0.05364282587205812,11.501551311137971,0.05291384063265811,11.527343267680024,0.0
711.4841744366403,700.136625729588,695.223929681388,789.7929761868166,13.825977078476678,13.810879029994124,13.702130924630524,14.947216066915626,0.3207901940193645,0.3193077949015226,0.32376238315236283,0.31082092650145565,0.2317781757378925,0.2302800325347005,0.23473824263448848,0.2294156139442657,0.9357102728914156,0.9367801457568329,0.9372210934362273,0.928685670950415,0.05372112274838818,11.497708869388596,0.05302889338417311,11.524477326702295,0.05510204255513113,11.472787538375492,0.05263152392141515,11.607236412248431,0.0
459.03592463088773,514.9878397990724,462.0880128204933,513.9517395681169,10.791678321677745,11.70155425860791,11.113257575757313,11.820833073251576,0.32328546891499627,0.31364687744218156,0.3181896800405641,0.30757098191447607,0.2035396786892801,0.19977896467174336,0.20374253422760347,0.1997907953338377,0.956786624134917,0.9515514571517939,0.9564933526691306,0.9516491465528861,0.041428400800938674,11.218604485797005,0.03991163472530304,11.338060367470838,0.041511020253488205,11.26279865263756,0.03991636190011693,11.348689480690386,0.0
542.1756721057369,625.5171401487459,595.7770143745734,601.0788111327931,12.45467365967516,14.008459863928538,13.560732323233255,13.812675556322539,0.23074361568367302,0.2071380809202371,0.20899012775035333,0.2047598247859405,0.10639430722264001,0.10143020590824739,0.10095622147228334,0.10033407997856189,0.961255215412403,0.9552717138453733,0.9573720028605743,0.9570190075651456,0.011319748609382934,12.464086200917771,0.01028808667058369,12.644468374054597,0.010192158653959355,12.605097865329487,0.010066927605138611,12.639939552666782,0.0
476.3733469308538,506.48814214610553,431.7022144522196,489.5369682595143,13.61945804195816,14.323255750447576,12.59374514374548,13.847172372899967,0.11658650416623129,0.10868775650559183,0.1325206076665892,0.1183897925623427,0.012923361772337548,0.012674714701566074,0.014282928561946752,0.0132393596821904,0.958822425393523,0.9562703079593774,0.9627044918299279,0.9577337616981088,0.00016701327949871072,13.5923998603269,0.0001606483927660485,13.681433848361136,0.00020400204830566134,13.509813564645917,0.00017528064479435616,13.624427568666652,0.0
662.6359362859065,835.4551161014477,670.2933877233578,632.2093665149275,11.841293706293525,13.421405386851328,11.696868686868337,11.664213429670745,0.3636253610938164,0.34530274450319676,0.35966562363137,0.3537652476287799,0.2212173138129786,0.21541953553571014,0.21829080395619227,0.2173134485819321,0.9501831949938208,0.9371726647425439,0.9494879536006691,0.9524565969053348,0.048937099930631396,11.237077409531292,0.04640557629039881,11.393517990439317,0.04765087509184245,11.255244131149496,0.04722513493455069,11.28693099640279,0.0
240.96993201239596,279.37474251744584,228.72302253299247,247.14513826038643,6.654283216782589,7.217962922506769,6.5680808080801985,7.006760868887905,0.3864264459774438,0.3792435946361446,0.389996426241516,0.3744956668620394,0.1984242271783948,0.19719356603827848,0.1991563020101836,0.19472435706799368,0.9827104446195866,0.9799862609419568,0.9835965564464803,0.9822951315674532,0.03937217393135226,10.46843419012199,0.03888530248688019,10.55500058540204,0.03966323263038008,10.465665164524143,0.0379175752355321,10.555748774014738,0.0
421.48267094017996,439.5734859243576,358.50331973582547,433.8491756656271,11.554461926962162,11.887365016699267,10.047896270396476,11.728334399677385,0.25077315043248866,0.24515609502098407,0.27709245656675596,0.24855648700957378,0.14208799309918052,0.14128858515694084,0.14645232692897672,0.14243819182466894,0.9624628330401866,0.9608715239649288,0.9680715246942508,0.96138078528724,0.02018899778295175,12.239729213614304,0.019962464295643433,12.282440259791798,0.021448284062911105,12.031579729356082,0.020288638490274263,12.25780306228374,0.0
356.8964316238997,387.4000850473368,348.7452894327551,370.79802050502497,7.899372571871865,8.377477294717385,7.633447940947267,7.933440747793141,0.42347615319956894,0.4165419295597458,0.436923910534574,0.4173782054707813,0.2566662076573133,0.25486773722483813,0.26149612451075627,0.25360779735008543,0.9704529017024613,0.9680051942585667,0.971162094437393,0.9693764957732144,0.06587754215319776,10.004170010680577,0.06495756347809198,10.067619005237578,0.06838022313415672,9.919648360038558,0.0643169148767439,10.013565250000823,0.0
228.559329836795,247.0277496021084,241.31296814293333,279.31767696081573,6.564155011654354,7.001318623015366,6.6573815073808165,7.219958412659977,0.38947202390847707,0.3746808845123826,0.38728233014467406,0.3790584355734621,0.19808344218101814,0.1940681473307998,0.19807567452922287,0.19645898620756302,0.9836082310274367,0.9823034715662118,0.9826857710086143,0.9799902667276276,0.039237050066289574,10.46958944436573,0.037662445808397685,10.556466359766047,0.03923397284021555,10.46904719820207,0.038596133261690736,10.557600641978105,0.0
549.1035819735542,614.8310914142162,559.1920668220384,590.2904013608592,11.581398601398288,12.674027027872553,11.690489510489142,12.213246309417972,0.3773060410935684,0.3631567340803357,0.3748733084896992,0.3680484391929916,0.28730985239492846,0.2836314038083206,0.2872725257594847,0.28413396004000147,0.9545446641177138,0.9491363895786891,0.9536941463858228,0.9511660531845744,0.08254695128319835,10.625858813784657,0.08044677322625465,10.751799082224814,0.08252550405623688,10.629105794859223,0.0807321072479885,10.705313247364222,0.0
491.7375893551027,505.819268671499,432.7844580419811,513.7747944041577,12.85897630147679,13.26728449486859,11.5798076923081,13.16864135014782,0.13736191980593576,0.1314015814000494,0.15905641336091292,0.13916147785454933,0.02008874802484808,0.019904897235951395,0.02260383323063988,0.020633501560954837,0.9576531915246489,0.9564817962729342,0.96274095510929,0.9557971833234961,0.0004035577972058158,13.339895231844533,0.00039620493397364163,13.399003965541482,0.0005109332767185332,13.201229992693111,0.0004257413866657646,13.375311011184644,0.0
12.611906893982106,15.002346244620242,14.59656736338183,18.52983687352494,1.0872127507508138,1.3514329677449097,1.2698486757918903,1.423626035448188,0.7326997922642564,0.6759900695124406,0.7079708455992806,0.6735846610711802,0.14802075831798225,0.13537438351560313,0.1433414765919666,0.13530414223313425,0.9975881872103419,0.9971323219001121,0.9972075570717951,0.996458044822195,0.0219101448930294,7.635760257553086,0.01832622371222954,7.9050050903175615,0.0205467789115639,7.768735060693738,0.018307210905444113,7.925438707890839,0.0
16.060500558456994,14.866826553750487,11.392412708774193,18.370089546022054,1.1656582392710244,1.289471053727604,1.066131124532198,1.3200192049608677,0.744096807400887,0.6940389626148779,0.7325201492777084,0.6956980824082715,0.15618727960089887,0.14244608242364795,0.15017159160984042,0.14269188064291213,0.9966600613827995,0.9969106086430419,0.9976306710510194,0.9961826127532835,0.024394466309127665,7.430383719822111,0.020290886397845067,7.665920236785335,0.022551506926631434,7.480361740515015,0.020360972801411692,7.6602226449871145,0.0
13.812997433318262,21.492627608866204,17.79889674745183,17.395008792632,1.1116793274849832,1.4666490814012414,1.2687678216119425,1.313090147623648,0.7083971761443796,0.6410470163888151,0.682206437263077,0.6476874442869525,0.13256026657596004,0.11920226612125409,0.12873895039284777,0.11911772303469405,0.9972519281804597,0.9957247434860365,0.9964563369906595,0.9965398269710887,0.017572224274688478,7.903604687972306,0.014209180248442444,8.198831740534777,0.01657371734825116,8.020207710698937,0.014189031940970376,8.149833989851473,0.0
20.892131053338534,26.95646374195874,27.569892154977424,31.928350687213175,1.4057855054588841,1.6783053357397202,1.5721125752622926,1.7642331898745558,0.7095780389930451,0.6518329275390655,0.6847485134161403,0.6497634038369204,0.13275169610281826,0.12000407772816574,0.12826450141805446,0.1200841096350567,0.9962790038520322,0.9952014565830958,0.9950883579335412,0.9943164048689889,0.017623012818174057,7.890562554647183,0.014400978671387746,8.15194652528575,0.016451782324021315,8.007978434764803,0.01442019338684447,8.166206800543586,0.0
14.251845958400905,22.844309778332658,22.970687609102633,23.496696978110297,1.2799146504283345,1.642035263084788,1.5441979442505303,1.6630936183996887,0.6900098791162318,0.6229236549726429,0.6579011755965604,0.6227895039309475,0.12916010121148722,0.11600026390621573,0.12458523698040774,0.11605764692443653,0.9976746011617738,0.9962747701546258,0.9962512795486603,0.9961683843944327,0.016682331744960643,8.047106796151102,0.013456061226311732,8.344958999981433,0.015521481273463915,8.207021417237947,0.013469377409637426,8.347682006809038,0.0
12.512029356887583,17.542232171779723,17.686839606417962,19.711943171825972,0.9617680194757625,1.1815012263408502,1.127628629968831,1.2568265537507215,0.780646122978485,0.7371557124733553,0.7630727198444095,0.7327412715020739,0.183727560160583,0.16882304271705859,0.17734522958381116,0.16863107231052687,0.9970699903082045,0.9958952558689521,0.9958578871220399,0.995387559776371,0.03375581636255895,6.86831261738429,0.028501219752247092,7.097012941185187,0.031451330456133034,6.972471209201443,0.02843643854859939,7.126399016564823,0.0
13.112900026998531,15.545012726178804,12.098426844017034,15.59719885233003,1.0108228730565354,1.2211370262390593,1.0568685093273786,1.2116416770789757,0.7524485048313928,0.6963199273177454,0.7311121921194522,0.6976659491793126,0.14422362837436903,0.13118132581861358,0.13885368517349403,0.13124141103628786,0.9974357561332912,0.9969623991273733,0.9976340460954223,0.9969522003659858,0.02080045498146694,7.488433731337615,0.01720854024352909,7.76040476613638,0.019280345886258845,7.59800239847523,0.01722430797079584,7.750140669014849,0.0
17.16294743572246,20.539022976537005,19.67963017497095,23.321746841592972,1.197117776121773,1.3965321162478228,1.2678612540127903,1.4258497616733332,0.7284027345010338,0.677322767764735,0.7123555768491623,0.6786866279568772,0.15976127369026386,0.14552251793567644,0.1544215681610196,0.1457970582831694,0.9970485482843864,0.9964707397114181,0.9966157659911499,0.9959925785704912,0.025523664571132927,7.384738630364346,0.021176803226340475,7.624320437167894,0.023846020713306715,7.46982881378217,0.021256782204027273,7.623309621387638,0.0
366.9089607614346,395.4801133704287,350.2522261072074,421.51754978005084,8.922604895104529,9.480491791768262,8.53505439005405,9.639900830188065,0.3722306877097461,0.36303883160621886,0.38563147007646426,0.36465758448624686,0.24618136413667285,0.24357071531399327,0.24965366531076286,0.24353834913338118,0.9644218728220408,0.9617014596508012,0.966052986243464,0.9591803783688203,0.06060526404819821,10.593942476288145,0.05932669335855345,10.675664271728039,0.06232695260310352,10.492101964697085,0.05931092749859271,10.665023435050237,0.0
16.2085666015141,22.66795802674737,22.660012995215006,23.9584962284226,1.1479661865541997,1.3961404970150995,1.301736416741925,1.436744180665429,0.7516124625276436,0.7045774820658833,0.7361164433990534,0.7023655829202615,0.1709016085026156,0.15533305418147353,0.16533737075218302,0.15508016849107364,0.9966648719741973,0.9953395056834304,0.9953376625817426,0.9950741722078965,0.029207359788778586,7.0380530125342915,0.024128357721345518,7.27386579219384,0.02733644616724207,7.130447357569813,0.02404985865922066,7.290125596588769,0.0
14.470071711762808,20.472434170947157,16.342284282217165,16.919897265028478,1.107746090802912,1.3872182886759934,1.172910317765639,1.2496024804479506,0.7539762847350104,0.7005925798963646,0.7346986809445325,0.7053041157122438,0.1586539438896672,0.1456788120613374,0.15306345588663095,0.1456264077433495,0.9973021162903271,0.9961857820562051,0.9969528390323711,0.9968476540744977,0.025171073911743894,7.400979055606663,0.021222316283602466,7.67320169697792,0.023428421527957124,7.505155760341404,0.021207050632232376,7.629560145803231,0.0
21.44786184575541,23.33335381091167,20.522043207354308,26.825346036372885,1.3803163185866831,1.5371714331990889,1.353124607046215,1.6068275949835256,0.6997491747589571,0.6491306517618048,0.6897926275120023,0.6475185568776398,0.14696165197861608,0.13286370940278544,0.14295708909753294,0.13268478598978245,0.9964116088433832,0.9960992199788309,0.9965665863944219,0.9955154422369155,0.02159772715228198,7.61209005166926,0.017652765276268807,7.827527761127737,0.020436729323238183,7.653856390141713,0.017605252433155263,7.8477214280856264,0.0
18.24466738538735,18.59546589384002,10.75197101017829,17.076012888148014,1.2302952146545314,1.3724944467582656,1.0472804358921626,1.2679805867925087,0.7413412200213119,0.6988886728168092,0.7437041414102659,0.7020855335951834,0.14872680507498945,0.1349802026924817,0.1459526706412085,0.13518891202732203,0.9961552261542979,0.9960843317521992,0.9977340161649781,0.9964042848729885,0.022119662547812665,7.418629910676109,0.018219655118903957,7.62155537952148,0.02130218206729981,7.392554534304008,0.01827604193513154,7.59380816854312,0.0
17.737827792839017,19.62846626405653,15.346553032124758,19.954443865981588,1.1903929492063774,1.3664520570132632,1.1653162538648836,1.3557088481650958,0.7267407874284849,0.6836688621695298,0.7261617838422626,0.6834742318609152,0.1503755821891933,0.13717411672303464,0.14886707524154222,0.1371223395960321,0.9969099661920308,0.996583078077851,0.9973263326328111,0.9965263314780779,0.02261281571873695,7.401486527207491,0.018816738298744844,7.600424590204462,0.02216140609096901,7.40231165287083,0.01880253601628987,7.599668108231222,0.0
11.287918079759471,13.200672636401293,13.753080758021614,17.034457633393302,1.1090270047117696,1.3057765282983715,1.1989624632010314,1.355179092044968,0.7264714105762989,0.6765974190566801,0.7071636300406413,0.6741151464241119,0.1595994819128528,0.14569466272178522,0.1527059675343115,0.14522406130202756,0.9983072740615171,0.9980216630879928,0.9979374896355513,0.9974471047412706,0.0254719946268505,7.568134041875631,0.02122693474561512,7.810206034277833,0.02331911252058984,7.67717434824344,0.021090027981055384,7.8313602229700265,0.0
35.709920096307116,43.00241311490495,37.972477744944555,41.137535054836555,1.6670615467403336,1.9430468786153086,1.7053310890276936,1.8407374242213288,0.7265933324631619,0.6844459141490643,0.7166268456781141,0.6876384857306969,0.17801847949122254,0.16359019674260797,0.17248052359209629,0.16383798776808295,0.9945501776851942,0.9934421591396412,0.9942048379510208,0.9937265522712809,0.03169057904036594,7.480593926424693,0.026761752470288076,7.703263965780936,0.029749531018600596,7.536908880369074,0.0268428862358972,7.682816138748784,0.0
56.83216635547028,73.18930137205487,66.3447845351323,68.52560853151154,2.1621867683233535,2.553507988774207,2.3208513010876346,2.413758269049593,0.7493731119264251,0.7101703243420888,0.7377146911490481,0.7118341132985913,0.18709713423902874,0.17318056026759457,0.18258651301072262,0.17349425123361178,0.9873233576788651,0.9837014069421162,0.9852002284626049,0.9847399629081937,0.03500533764045923,7.051827190530837,0.029991506454594287,7.270875217823104,0.033337834733417004,7.128639710134086,0.030100255211107436,7.251078181227269,0.0
36.50899748694443,44.28358982368329,40.28820065979172,44.10478168818433,1.679102576667661,1.9926534083020377,1.7833296503543534,1.911743139432574,0.7276060999678498,0.6758519954758903,0.7046796438387005,0.6801812251252289,0.16264128487189475,0.14990256771225674,0.15718467694858188,0.15010172881729322,0.9942601656586595,0.9930423167320297,0.9936654607196677,0.9930704087645653,0.026452187544779026,7.784978424447699,0.02247077980673006,8.040234121800856,0.024707022667428902,7.890960009110036,0.02253052899394222,8.015891165035363,0.0
41.02019797871978,50.05335439420134,50.110310897719536,56.74582324837712,1.6563917044544865,2.1203717452800075,2.091098366971888,2.151458638047803,0.7197937206768393,0.6671947951629477,0.6908417115394472,0.6650255941421462,0.1797605308519203,0.16528792890658664,0.1735673959641192,0.1658248289219873,0.991558303324146,0.9897150682819026,0.9896863711156532,0.9883398692483045,0.03231384845216501,7.305786471952577,0.02732009944222465,7.581459318345454,0.03012564094176602,7.4821030471448635,0.027497873887002408,7.5871872936296345,0.0
347.1775621600582,392.9503487719671,362.3917501942558,385.1994885460017,9.69706487956503,10.538649698825415,10.362317404817723,10.718881667240767,0.21258285015584416,0.1930377323364329,0.19244442349989005,0.18508974993073285,0.01862619319781375,0.017409999426065022,0.016907412599453945,0.016639433263912443,0.9643084346249066,0.9596093213039553,0.9627197809082896,0.9604059836017705,0.00034693507304229914,13.070468572852723,0.00030310808001548524,13.217467824439463,0.00028586060080815326,13.235990069180142,0.0002768707393441145,13.270316258761536,0.0
38.920396828042286,48.49616245573548,41.15077076109129,45.12973498207323,1.7832519227349157,2.0233575124918786,1.774025851338104,1.9644003964690264,0.7261618305765567,0.6844795208757194,0.7141735453752106,0.6827546760098566,0.16918360571920368,0.15512551694943233,0.16313230771053494,0.1551880379315889,0.9919877539823522,0.9900320821265792,0.9915277535264139,0.9907240130399012,0.028623092444151985,7.385031177303748,0.024063926008824853,7.597696908064997,0.026612149818965387,7.453983095854139,0.024083327117052772,7.597047479622831,0.0
52.02505807103919,61.499600004458834,48.12518338223352,52.7195353740878,2.055853320144585,2.3224975684726634,1.9833307400491818,2.1273006704334776,0.7539949853812649,0.7160754342963919,0.7435554478076785,0.7191769827021725,0.18671970862381995,0.17431679786380805,0.18126738781946414,0.17456674171778463,0.9870259368475324,0.9846869782982022,0.9879973670273507,0.9868731566508616,0.03486424958856631,7.207352890462056,0.030386346017488148,7.4194824086280535,0.03285786588689393,7.2709856228929395,0.030473547313959994,7.393012986136889,0.0
35.587311389759364,36.12379977954927,32.035906903766055,41.899692269972704,1.4958171368861009,1.7208515645300697,1.5780700836820138,1.7369002564940792,0.7791028884858009,0.7301219476049919,0.7554927117819003,0.7322599096959157,0.1392716993401068,0.12723502695253328,0.13332222735341553,0.12778843142926946,0.9885559860335054,0.988396787673775,0.9897003804227857,0.9865414373095808,0.01939660623708166,7.43010387637484,0.01618875208361193,7.678484677590365,0.017774816306475507,7.555860758876543,0.016329883207153097,7.673730618337643,0.0
34.909099268547365,35.91569957502493,32.01552771966521,41.25650507958868,1.4536426332288377,1.6933198380566887,1.5534105648535697,1.6874402771142063,0.7855472658990179,0.7385744010185922,0.7639517121643895,0.7408472226874118,0.13918766059519702,0.12826940981521967,0.13449371929605716,0.12856298443444358,0.9890325086846629,0.9887273285891693,0.9899372984902531,0.9870510807842499,0.019373204861964144,7.418997540311478,0.016453041494344726,7.659211817062127,0.01808856053008635,7.530296473606237,0.01652844096669096,7.6546022636126345,0.0
54.338510449320296,53.971446697847945,49.06322594142312,65.26394529383697,1.9024676071055175,2.000202743480796,1.8400219665272093,2.163665329712277,0.7827570132015466,0.7459698057159186,0.7700614752909237,0.745319290809848,0.1670909484888035,0.15559884996396545,0.16136559249795063,0.15575697479982892,0.9828669562737676,0.9830229311933812,0.9845468286286111,0.979470783254717,0.027919385066888756,7.1995769408088846,0.024211002110108053,7.401242450282242,0.026038854442214775,7.279472334053716,0.024260235198793795,7.42075534874882,0.0
48.23342476489039,63.21958847788364,51.908260983263766,53.89549333199204,1.9782366771159603,2.3688747370097856,2.061912656903747,2.152435855525116,0.7649568951782049,0.7266223597226067,0.7499951439735306,0.7271956166866915,0.15611323154029405,0.14515439605488598,0.15104651933345034,0.1449614356647236,0.9882500687870428,0.9846360901068458,0.9873732402471029,0.9869020859603531,0.024371341061954533,7.486851581291462,0.021069798694058187,7.718764550191627,0.022815051002750743,7.5795660183947495,0.02101381782997731,7.695048888047926,0.0
48.815679088496225,62.02589483922768,56.297270938915936,58.99478056857381,2.116118464923945,2.4765199830723046,2.2636934664058175,2.3169941494852666,0.755626427068403,0.7174403528801108,0.7378792674712613,0.7205620546178506,0.17635357504162322,0.1641419351835652,0.17028314608034664,0.1641180177986806,0.9906486775226744,0.9881356876598371,0.9892143970292496,0.9887154766143949,0.031100583429962553,7.25016466034847,0.02694257488580162,7.479101969566948,0.028996349839021444,7.361758589621197,0.02693472376616388,7.456601062815231,0.0
48.3820318704286,63.72264377498958,57.89888389121296,57.393485280927706,1.990762277951886,2.374316854007973,2.2011108786610607,2.229719889187908,0.7530695838405601,0.7110088222348273,0.7355145894583415,0.7123468315883087,0.15050915097773257,0.13808324231494154,0.1444166681816953,0.137781747141932,0.988108753020016,0.9843741780486243,0.9857832787585797,0.9859261791789808,0.02265300452803901,7.363339035093471,0.019066981808206422,7.600866369799537,0.02085617404870253,7.487049648477418,0.01898380984548291,7.59187426061867,0.0
46.41122309299927,62.10165830546264,56.04399476987501,55.616797533130075,2.0280005224660185,2.475057313015023,2.2950889121338776,2.308855856195731,0.7461059142901018,0.701408805688202,0.7268518610812164,0.7040268067670223,0.14576576779832942,0.13458766159126997,0.14114858497202562,0.1345431089803075,0.9893585022752469,0.9857836159712929,0.9871530513189788,0.9872680501427709,0.021247659061837704,7.605712197938296,0.01811383865260593,7.854196008093937,0.01992292303960562,7.73107802678782,0.018101848174086548,7.837062858602705,0.0
39.73569749216288,53.07213057727881,46.6959194560673,47.636289720957414,1.655826018808774,2.043263468034643,1.864377615062764,1.8923521177525986,0.7744463396654099,0.728655390185355,0.7528054078051913,0.7321431853418665,0.14707355189582277,0.13524032429127328,0.1411445310204708,0.13575236618528458,0.9889167600893437,0.9852316987611299,0.9869891953464396,0.9867443084803705,0.0216306296672541,7.47624093077807,0.01828994531440861,7.729876441054531,0.019921778636988807,7.604191569407738,0.018428704924903422,7.704009909752919,0.0
233.8362198912058,271.4343692457104,224.00118492617173,240.56709762495134,7.852043512043322,8.569699759684582,8.021996891996677,8.434911519616811,0.24749659159887474,0.21876443232854142,0.22926138197067758,0.21957937003276354,0.0204833629611256,0.0187180039126237,0.018845019384467143,0.01851351903714894,0.9789683649173047,0.9755971477668133,0.9798412580218997,0.9783721455064897,0.0004195681581972375,12.725860614903723,0.0003503636704728751,12.89031768362646,0.0003551347556009561,12.826163123975029,0.00034275038713879103,12.885783671340644,0.0
59.09028317659865,69.92096304724292,68.59254393304994,75.58190103183382,2.6149738766981563,2.9584606373791744,2.823009414225846,2.973089077207758,0.6525576450345824,0.5875152649466283,0.6191238135319749,0.5987705873672238,0.06724416588226875,0.061579578440348684,0.06435532966513463,0.06142886525772052,0.9882144654709086,0.9860563185160041,0.9863113167483284,0.9849272828793596,0.004521777845201556,9.85340345765046,0.0037920444808918147,10.111879984495914,0.004141608456308756,9.999433874175187,0.0037735054868520777,10.090350048694251,0.0
43.043794670846005,54.456945562066196,44.84664173640239,47.43075655275343,1.713261755485867,2.0202706808828483,1.7954984309623558,1.8927141222622246,0.7761421239870033,0.733682402284976,0.760095555641828,0.7361130425441942,0.15418366199856245,0.14207410797027342,0.1481102316544677,0.1418811065304114,0.9879982007324222,0.9848514400056791,0.9875081166610137,0.9868059395299437,0.023772601627287903,7.27691604516825,0.02018505215554859,7.516242293512252,0.02193664072073975,7.38999792818108,0.02013024839029358,7.503916920505397,0.0
249.46884615384482,284.12328149875407,259.3492385392351,287.0890675229039,7.924230769230972,8.551276099374206,7.80961149961171,8.598578774072204,0.2738485224816628,0.2482061637262994,0.27523679409140334,0.2600010680227444,0.0325512277860509,0.030469001351400467,0.03264290793836865,0.03224631924292078,0.9762547174640718,0.9729894267432176,0.975344140395123,0.9727076171843686,0.0010595824303793419,12.596902461599239,0.0009283600433513313,12.709753820514655,0.0010655594386727834,12.527553930899444,0.001039825104716039,12.681745202412346,0.0
367.66647630147696,374.25375690530404,365.47381701632014,440.76977154280956,9.370761460761697,9.443560594240838,9.30126068376084,10.595908367406617,0.23858659907466698,0.22099219230925804,0.23573348426451893,0.21921130937134395,0.02393369405722729,0.02245127945704383,0.023867482713487674,0.023525277015697267,0.9604016453519962,0.9596697209324404,0.9606308205536804,0.952501910710636,0.0005728217112249746,12.974194045973222,0.000504059949258054,13.009601300059078,0.0005696567310786425,12.949659883255293,0.0005534386586650661,13.125585666824703,0.0
351.4418919968995,357.89685286048496,308.03221445221817,372.4469332262631,9.37780108780137,9.526113027061283,8.585718725718955,9.721749087109291,0.24892276984699144,0.22843497734277723,0.2505197530857721,0.23736419956563556,0.026041915518541153,0.024487482262764846,0.026055721946577133,0.025986860425110222,0.9645672258119486,0.9639308739198874,0.9689655872702839,0.9624646329283106,0.0006781813638748371,12.961830570049903,0.0005996367875689495,13.007144676477411,0.0006789006461573478,12.84075676443917,0.0006753169147538596,13.006327219979363,0.0
450.07919191917017,498.55085866555055,473.243205128185,508.84297267572356,12.05980574980544,13.244173480855157,12.9151787101785,13.347170422273809,0.18942121439314186,0.16833338921141655,0.16388076234205154,0.1606841193092353,0.04206365051414873,0.03922505911872866,0.03752351503780507,0.037108768069677535,0.9629014786553687,0.9589362042817275,0.9609977449855742,0.9580886796748892,0.00176935069457651,12.980870165692668,0.001538605262867226,13.132614514341935,0.001408014180792444,13.112238439149273,0.001377060667648665,13.14772580360089,0.0
362.2150893550727,314.1578017227816,217.23554972803203,374.67818186072276,6.405135975135801,5.845931774913219,4.503572261072175,6.534420742173935,0.714142426489811,0.7147859155800551,0.735481398487049,0.7134294307928792,0.6599048700129487,0.6587431101087965,0.661443825920783,0.6581073776458182,0.9672658059391064,0.9716931475207197,0.9803663560024373,0.9662401671984527,0.4354744374668326,5.369920223861897,0.43394248511583355,5.346171233507174,0.4375079348487565,5.2056370857283625,0.43310532051188216,5.401215747395328,1.0
432.06692890438313,515.5572157549365,465.09920940166313,517.6975340190312,10.140106837605785,11.072731032117723,10.500176767675883,11.19594230829516,0.2335838655355232,0.22373651649229265,0.22989319706945793,0.22046736567681174,0.04077097500851171,0.04023403232016563,0.041013377931109846,0.04016338692424711,0.971301651494519,0.9658135776784518,0.9691024472795817,0.9656715213235509,0.0016622724031450722,11.554732546091085,0.0016187773567394328,11.620989337209036,0.0016820971693203627,11.563894262831449,0.0016130976492261056,11.62454683415136,1.0
413.85692307689607,488.32690537130964,416.9703321678019,514.5971879779761,8.629529914529448,9.362024437440958,8.209256021755333,9.56234199931498,0.3316067817660981,0.31609102323707644,0.3504737904493748,0.3149384504675347,0.05485331841151711,0.05315622460660778,0.05645316757591763,0.05300489207709377,0.9686590486082972,0.9631169864043336,0.9684136727598049,0.9611322115835552,0.0030088865407557138,10.95485950852611,0.0028255842144273955,11.032067947406013,0.0031869601293552344,10.87642437637708,0.0028095185841035862,11.058809658804183,1.0
796.3787334886184,800.088613027246,690.2315268063893,880.5487695454774,13.201507381505783,13.446100308982087,11.85236208235939,13.782797821544266,0.37672536464127265,0.3509135890246744,0.39470338613390127,0.3591838778300497,0.06934451653786755,0.06389534497923054,0.0711177200755772,0.0643928156672764,0.9489200288483342,0.9487625025598568,0.9556927901134858,0.943610085371572,0.004808661973871764,11.005505500732745,0.004082615110013135,11.119233507534018,0.005057730108749922,10.920381362635176,0.0041464347095578604,11.090045545686213,1.0
397.0483236207783,446.84642333272785,410.81016705513105,426.51680854228874,8.302053224552425,8.899655909618403,8.619941724940858,9.031723026749392,0.31936015303575027,0.29689213541939585,0.30871528515913754,0.2878531957723635,0.040447031436035646,0.03865688772781297,0.040140289619060444,0.03833997505373193,0.9736266153437239,0.9703704311751318,0.9727041938692602,0.971718359503328,0.001635962351987993,11.384571370797957,0.0014943549687999672,11.504864854522609,0.0016112428507023496,11.472403351446202,0.0014699536871200915,11.537634817933608,1.0
614.7553943279265,747.7627961051293,775.2393686868775,771.7730173840981,13.93799339549393,15.493207921103869,15.82446581196588,15.79766939234331,0.39702055630973165,0.38902552803156953,0.3840233985226554,0.38069254734649954,0.33704011060481637,0.3317671451648447,0.3330504123727008,0.3315745655153682,0.9425331832159015,0.9300167227159641,0.9274416319917351,0.9277696010589785,0.11359603615649654,10.064358784054402,0.11006943861079369,10.208420443027707,0.11092257718162438,10.22563901470453,0.10994169249667103,10.236110966681485,1.0
232.50179487178633,315.93364361286336,355.5566860916713,358.0747869916605,5.495543900543777,6.320320058674967,6.611414141414038,6.684556505727143,0.7345324209751313,0.7277050141749458,0.7287260509285945,0.7280130841853762,0.7022148572703111,0.6991773963520809,0.7008383828690872,0.6991135514366311,0.9645817225368191,0.9520140590348681,0.9458360940016324,0.9456134035198273,0.4931057057711778,4.940252577024027,0.4888490315696732,5.021290124242363,0.49117443890257845,5.01283993054531,0.4887597578023365,5.036108590971712,1.0
208.3655808080417,243.68857089357488,229.8985314684863,256.16094613155366,6.006816239315505,6.429063543585823,6.066383061382363,6.6785290721273745,0.643885740995673,0.6332948091687384,0.6412847779689548,0.6325228794675601,0.5793060705827241,0.5724463633079601,0.5752012494693561,0.5724504894900246,0.9809223888387872,0.9777361780907532,0.9789506576706757,0.9765966796724916,0.33559552341409127,6.186080880745109,0.3276948388644244,6.275408335449809,0.3308564773912092,6.215637994739942,0.3276995629172843,6.289149373846962,1.0
575.6332139764469,615.1694939896379,625.9833228403288,762.0972634334142,10.881869573199344,11.498040589211657,11.282816557801137,12.594220233808269,0.49952792458771744,0.46342044090451784,0.4789930544214628,0.4667604066913994,0.29493970035919526,0.2757522979331139,0.2832798903464156,0.2766245610211144,0.9411757052766215,0.9373710093803079,0.9363295974474967,0.922412578502782,0.08698942684799675,8.730709410655091,0.0760393298153789,8.920606377901805,0.0802474962746987,8.874725714965958,0.07652114776010936,8.945743203132906,1.0
174.92327440904953,200.12879013079547,150.30189516958356,198.0116676575497,5.115895169578542,5.592598097502757,4.676283658787222,5.569506374686073,0.6076906334010401,0.5722671902160223,0.6058807185263996,0.5649998798647787,0.13332226568721992,0.12394423916061487,0.13351149282888078,0.1228334970007949,0.9701222138702452,0.9659075317732775,0.9743203495674999,0.9662680163629931,0.017774826527971573,8.774527561308181,0.015362174421104506,8.963049317639369,0.01782531871739431,8.754938893602555,0.015088067985444915,9.012857383917046,1.0
502.608621553928,791.5366700016854,762.6560902256136,650.1888907182296,10.550451127820688,13.79097275870428,13.447769423560274,12.453173085447686,0.5665287091095422,0.5391291745873639,0.541062633190068,0.5471943660598564,0.505864333377218,0.48777510369778104,0.4879904746797365,0.49109365050691695,0.9367786672046786,0.9009799614054488,0.9045209970244158,0.9186623545153809,0.25589872378314205,7.437205142982415,0.23792455178735303,7.721205012099567,0.23813470337811946,7.7007071055064085,0.24117297356818365,7.650553685156886,1.0
386.74111888111713,403.14985682406757,281.92552641802234,408.5943790767966,7.345932400932413,7.513898208545474,6.124151126651233,7.744269061515036,0.46101741202936014,0.42530299001251787,0.45162645067552465,0.4181348112710725,0.08622173294685566,0.0788462919638524,0.08524677893691229,0.07890387786671303,0.9648391720949644,0.9634551280688611,0.9743705378886047,0.9629619543278048,0.007434187232358853,9.920285243621194,0.0062167377564486415,10.072635322473491,0.007267013319118506,9.901192893979259,0.006225821942404974,10.066053509089626,1.0
452.42932773106037,646.2988491509674,653.6853501400211,634.2837878924533,8.796913165265831,10.746143191748567,10.732571428570976,10.608677537048198,0.6501478410481116,0.6280461025708848,0.6316138187945393,0.6281728123833875,0.4446812548890802,0.4330835873668728,0.43482746260054345,0.43287990040777796,0.9524385974447814,0.9322253055345818,0.9312637162483698,0.9334852754491868,0.19774141844973278,6.79061169133674,0.18756139364654625,7.000886727024828,0.18907492223163774,6.981896247096848,0.1873850081770365,6.9980108273890815,1.0
346.21972687006365,502.78975564651574,470.0508415354174,491.60511105175897,9.188009350393132,10.582584252996915,9.897647637794917,10.564255270757208,0.5559615882193379,0.514722291828116,0.5187634271369632,0.514250245103959,0.40202883982792176,0.389111862150574,0.3888274770543767,0.389173706138739,0.9698733290874735,0.9562917016707533,0.9590610633544427,0.9572640002849602,0.16162718805339957,8.36919185741521,0.15140804126627974,8.680226099321883,0.15118680691248104,8.622897363733527,0.15145617354975505,8.67471538371975,1.0
485.4446492576493,701.871651451178,649.0625601639666,599.968652102515,12.50398361495349,14.981834348282225,14.10794674859509,13.62944965416172,0.35009805199984245,0.3303194732625566,0.3408482412580072,0.3465341944614243,0.24550852420973146,0.22953090771848436,0.2285640892025715,0.22977660709436964,0.9525449758090752,0.9312443960097578,0.9363973898854409,0.9412270029340436,0.06027443545961955,10.510751515937173,0.05268443759805775,10.798419121742384,0.052241542872978386,10.754979694867496,0.05279728916778717,10.736627504917612,1.0
1058.6644909547051,1481.8168161656308,1340.6477733754864,1211.8846691747822,18.524974941524015,22.08420138889661,20.920075414054143,19.657672646611744,0.19745669500445479,0.17400747642939618,0.18292498438755445,0.1813124983691787,0.10798286480288331,0.09379387997134582,0.09764871472288023,0.09464065846925614,0.8683274626211436,0.8110096887959857,0.8307367501284983,0.845436724518094,0.01166029909104593,12.194089544416837,0.008797291920072801,12.459193980875584,0.009535271487037377,12.39585367025558,0.008956854235488206,12.367200456946222,1.0
593.4107009924437,613.9042905833086,670.5528057479224,769.1495365462572,13.364009511991144,13.457078579295148,14.210264994461895,15.395624207659054,0.38157249279412514,0.3760801289315836,0.3723544338032273,0.3685706323537761,0.32578027608755356,0.31904813232622675,0.3191594033671742,0.31915472981103493,0.9380598449698121,0.9357641290005166,0.9297699709331251,0.9195193328140115,0.1061327882877232,9.92224457373766,0.1017917107408768,9.987958540647776,0.10186272475770829,10.035789565966017,0.10185974156078,10.09090368712426,1.0
1578.2206464644162,1800.755369464612,1536.3982626260217,1656.0367928588528,23.57620202019843,26.341741569588002,24.713535353531483,25.428697201126973,0.29591671698587185,0.25510344374404675,0.26882684603499324,0.25795635626823743,0.2122687192751772,0.19432636642027543,0.20055687801783736,0.19597619176193617,0.8260936067974392,0.8007875766004005,0.8304141753007767,0.8167973794006117,0.04505800918273646,11.39131619268848,0.03776273668608765,11.650960317519822,0.04022306132027344,11.515682867028794,0.03840666773749211,11.62422303072857,1.0
726.0084444444217,1123.145103499216,1011.440040404006,879.5807620647385,10.75248484848438,13.345058454987633,12.30484848484793,11.630597244119548,0.5517583506462543,0.5169071556633522,0.5268919685279971,0.5250568691612659,0.41630211122625144,0.3910070092332087,0.3946485848962897,0.39421671965823735,0.9270386292511833,0.8877661774484203,0.8983165770498805,0.9121051137009814,0.17330744781144786,7.439180159348136,0.15288648126947435,7.711683045734033,0.1557475055606571,7.619422599082961,0.15540682205807596,7.640628057955155,1.0
379.5757940568813,537.2420047973703,550.5008025843563,516.4184320161592,9.732558839463488,12.49828052013696,12.632637091434969,12.278479989900916,0.48469954972431045,0.43858073891272087,0.43835529583894844,0.4374762455776728,0.3933787360266284,0.38337520955713716,0.38374659623661794,0.38296989177348223,0.9668521972345805,0.9531181268867481,0.9519195800585214,0.9549352746305521,0.15474682995789715,9.047986785011211,0.14697655130297305,9.34302607155465,0.14726145012317376,9.350678625678789,0.14666593800498767,9.327372087922864,1.0
296.3057394811219,618.4702285066643,595.1148147033432,423.23569246317044,9.880680792150473,14.45327105163892,14.044327735307501,11.700623658631816,0.3424810825177581,0.30444834706876567,0.30648409831738327,0.3174748345754532,0.2518794475822059,0.24113582991464147,0.2413466704055353,0.2426155033409407,0.973230858338195,0.9437429561665784,0.9458222457759216,0.9615017639928057,0.06344325611431952,10.445547227835267,0.05814648846859009,10.818184258873178,0.05824821531583831,10.78877921907991,0.058862282461348475,10.671774348127638,1.0
509.42789937111155,652.8429869195451,555.2614591195506,504.9897319512393,8.849235849057434,10.154109113406617,9.19858805031525,8.646602989823556,0.6740445099595405,0.6682073845656779,0.6735960584116268,0.6721587160352219,0.6448027572166908,0.6420489159288965,0.6449876576330749,0.6420385428390093,0.9556151535226629,0.9432415762827252,0.9516218199901897,0.9560959958929722,0.4157705957141727,5.840931097547311,0.4122268104454493,5.9250183502768765,0.4160090784989221,5.850459466256925,0.41221349049082345,5.847878173942071,1.0
566.6969094792826,531.0154489561544,528.9111946386004,624.9674284512,9.82626456876228,9.704573827286247,9.78620629370504,10.694282325772717,0.3932584879022806,0.3691329881603186,0.39420716378705695,0.36338595992216316,0.07767123978007881,0.07259779478990674,0.07856933092470725,0.07194424281105663,0.9644517517115003,0.9667715478772684,0.9668206546986722,0.9608925343920222,0.006032821488976792,10.378796929649258,0.005270439808354915,10.458101193748337,0.006173139761958236,10.347342409946943,0.00517597407365375,10.48856084545734,1.0
291.95761797747485,366.93334875021446,350.4748164793318,400.2081783265186,8.779450686640223,9.84876028072239,9.700284644193072,10.518490216976836,0.4195790117034252,0.39043505352697183,0.3921502631440826,0.3842328845734388,0.30141175325183467,0.2893386434583163,0.28930609064900303,0.2889373478614581,0.9713913100642864,0.9639990841743005,0.9656316913358731,0.9607343922547255,0.09084904499837125,9.4928537384237,0.08371685059829563,9.706872151870103,0.0836980140866364,9.688876830730123,0.08348479098920902,9.759473898681483,1.0
652.0336384180931,878.9299557157716,878.1328813559547,882.2732035243893,10.587401129943949,12.905051588750176,12.787751412429914,12.718921201606225,0.658030162799148,0.6442119647954878,0.6470455349614508,0.6449826954095746,0.6182245632844966,0.6089978945941318,0.6114772589819908,0.6092064671576533,0.9208246872178513,0.8939214762709877,0.8933682391821736,0.8935179779151918,0.3822016106482811,5.962283792437901,0.3708784356201379,6.123738414095307,0.37390443825209857,6.079780249601909,0.3711325196267616,6.117083898766731,1.0
411.74552836049486,403.9950805218714,368.7079914529506,424.99639134238595,7.761433566432813,7.770493274243207,7.336017871017169,7.8819754377212385,0.6875475815726543,0.6833898694924819,0.6900638748748645,0.6840864416092908,0.6441243009009409,0.6414534453305081,0.6452270717286384,0.6414980293338219,0.9628045456510141,0.9635953060180938,0.966692385661598,0.9617028416528101,0.4148961150112084,5.564354119983999,0.4114625225262909,5.597887386458906,0.4163179740915973,5.540380659834775,0.4115197216390851,5.600856756465308,1.0
391.52497815766026,541.5419458395671,510.3290539073888,466.589495643252,7.5554349822199445,9.123958344985322,8.743089756645766,8.35326786053885,0.7281599776963594,0.7217252383144892,0.7236721866405935,0.7232289875910678,0.7034899000229443,0.700319664486243,0.7019968275430791,0.7003763370369431,0.9525582488451406,0.934599621490989,0.9381625558182898,0.9436514015990232,0.4948980394343331,4.946231097806406,0.49044763246608225,5.039370978863451,0.49279954588059083,5.004348248666533,0.490527013481245,5.012076390990522,1.0
410.15723468281925,460.23078919349337,468.83840296286814,517.4226183552119,8.771774676978572,9.476997145338379,9.541875634322576,10.043312124711484,0.6347138628924432,0.6276351690736607,0.6299601647245137,0.6266335594119463,0.5971310861923159,0.5925212942088801,0.5952913252903244,0.5926060249268774,0.9491672580272125,0.9431180909250945,0.9418946210148663,0.936049505983385,0.3565655340971676,6.332176633386495,0.3510814840908903,6.41124041147537,0.3543717619658655,6.383124785003425,0.3511819007795514,6.4298917417614065,1.0
630.940017380817,936.7972450812291,1002.2534698607608,978.777791877423,12.12989621904851,15.299297628943304,16.03997581803105,15.851195045969192,0.5026069451488736,0.4865909938034587,0.4845069749746592,0.4835254192285586,0.44319227134609657,0.4342030239755435,0.4344093033016928,0.4329611733803393,0.9405752274915665,0.9119049857445755,0.9057444882705578,0.9079571978023343,0.19641938938090303,8.33899164240954,0.18853226602948955,8.544283163971711,0.18871144279504753,8.574513164351648,0.1874553776548603,8.578141967965484,1.0
375.6785922970006,546.8752754443908,458.88216275169907,419.78540508499094,7.654830075070227,9.426292770775094,8.363317139406082,8.109909285131508,0.6522225482199235,0.6403824409960842,0.6471820001915578,0.6463275683821186,0.60807991343732,0.6036288802528443,0.6066016798761799,0.6045177213012565,0.9571029276911985,0.9377193852462189,0.9476022809912568,0.952192950993971,0.36976118112601686,6.170639066956201,0.36436782507526044,6.309219343143177,0.3679655980286846,6.222334877165127,0.36544167536722605,6.231959146106462,1.0
315.22255633252115,364.30095034487596,297.95845376842345,327.28823616617166,7.071565656565214,7.568271901626366,6.923818958818427,7.325945663369099,0.6707371893742609,0.6660724705212605,0.6742111697546348,0.6687727616421508,0.6255819629883005,0.6225247739605012,0.6268221736711168,0.623190956816129,0.9561582579271286,0.9494614919289593,0.9585593815667138,0.9545961679502152,0.3913527924163487,5.852718122550687,0.3875370941945435,5.913494373265651,0.39290603740584074,5.83045757485871,0.388366968657373,5.886610550997572,1.0
284.2990831391184,350.01608681072764,332.40387334891966,389.94713999259903,8.6597668997681,9.274451093912761,8.775244755245936,9.91511852002326,0.42314647532139094,0.4132053647100217,0.41816960704128714,0.4091575269555378,0.33559553270051895,0.3294849139666382,0.331049926951789,0.3292261855597061,0.9721183004502776,0.9655940156490411,0.9673498284193394,0.9616688612271049,0.11262436156851224,9.060781245126117,0.10856030853155837,9.146760377350311,0.109594054134752,9.093855357633775,0.10838988125814888,9.201906481878101,1.0
402.813962703975,447.01285072259253,368.64260295261454,429.0937587778714,11.176891996892252,11.530788677009564,10.636542346542681,11.832577790957327,0.39191693883373424,0.3726601553176561,0.37388704036779996,0.37057464666567447,0.2048139604860075,0.1971778482213536,0.1985843331387333,0.19798408141725013,0.9571178712579331,0.9523729462059215,0.9607148472797866,0.9542821610411831,0.041948758409961796,10.783069856210584,0.03887910382919058,10.955668467785841,0.03943573736815288,10.890926776679054,0.03919769649462127,10.956605959465021,1.0
345.4564355089292,383.257494304178,425.12282051280215,474.4868332761241,7.272818570318529,7.864747511001793,8.090606060605745,8.89728394869105,0.4729198532399461,0.44482034917477015,0.4999367216237004,0.4471153204367669,0.09008668403628958,0.08344005072906245,0.09336338419320939,0.08344833644460989,0.9688755086907556,0.9655688264079545,0.9616928067908849,0.9573727541508499,0.008115610640654348,9.83779475773133,0.006962242065667871,9.969623340918126,0.008716721508009386,9.793241890945547,0.006963624855372188,10.02645366119112,1.0
500.58044848479835,615.7467685028709,585.0303757575091,610.2504593197359,10.916545454544568,12.43254503772232,12.072638383837429,12.546537623570332,0.4919113431887314,0.45454496315323134,0.46529936395367705,0.4554998290771157,0.3595462191225408,0.3459187861731551,0.3439735778678005,0.34605856760572923,0.9611407971147395,0.9522444129480544,0.9545650927539167,0.9526706912252545,0.12927348368533825,9.167405467422109,0.1196598066274922,9.436616197817937,0.11831782227119683,9.383280003083524,0.11975653221331128,9.427955606028588,1.0
16.33588826519532,21.178519598315145,16.63249894595762,18.22716310333591,1.4806170900704583,1.784496737470457,1.5583411615899079,1.6789611967235436,0.6258196556679215,0.5688298196833139,0.6118415925841303,0.5735712617988357,0.11200967300803917,0.10032918511910137,0.10881069511449729,0.10051364538942112,0.9975759595726843,0.9968593084401985,0.9975320619105638,0.9972969824749526,0.012546166847369911,8.665890156707848,0.010065945386662948,8.90920485939735,0.01183976737130208,8.732899271153148,0.010102992909470374,8.869046314026216,1.0
17.140830954035646,19.425521773334985,19.563747512832226,23.26888703780774,1.5373047250616996,1.7732171780276333,1.619898534698206,1.8158878245175096,0.6239075922067261,0.5702870291063511,0.6123533300931996,0.5681824701771696,0.11973962370009025,0.10739881803737131,0.11728387779803096,0.1073810621123847,0.997382997143073,0.9970359990083993,0.9970129245202787,0.9964495662153653,0.014337577483840834,8.503668482503757,0.01153450611582443,8.720144833125387,0.013755507991345077,8.56267730349083,0.011530692500383943,8.731968109934643,1.0
21.29488827166702,31.02423064463742,28.628825405525706,28.68805023369765,1.8572572100092242,2.219850525244026,2.0260836973163268,2.150375653662754,0.587262290666075,0.5325409906146128,0.5734291712484867,0.5363183584090528,0.09134091226800742,0.08183048568590522,0.08925936874311344,0.0819725906240607,0.9969115643386897,0.9955029954327078,0.9958483011528609,0.9958416273007478,0.008343162253953004,9.276948588369635,0.0066962283875914245,9.51366050039029,0.007967234908420374,9.35710519506051,0.0067195056136201015,9.486357956257624,1.0
26.118782199097854,33.81895645332936,28.339225136654,28.932890346614403,2.3656510505273003,2.6792364292655706,2.435007170251522,2.6016427183117745,0.4661441277252634,0.4174450072922483,0.4613346117526026,0.418488522457062,0.07817739748677488,0.07114412165957398,0.07846754440547918,0.07117474535814838,0.9961970641988283,0.9950791081123905,0.9958739308455108,0.9957900602222457,0.0061117054778057145,9.382118634204684,0.005061486046712199,9.53894070719753,0.006157155525026429,9.4069877848543,0.005065844376797264,9.52332264298221,1.0
17.520197133376996,22.848822712758448,21.63737249803723,26.093688740802005,1.4696692808111496,1.7506397797213877,1.5846438728788028,1.7984971539635988,0.6658786337073874,0.6152047740004544,0.6508043196701256,0.6132028980553439,0.1278837157776709,0.11670435213245775,0.12311095043777179,0.11685066602485884,0.9975628776150993,0.996823427068078,0.9969902219990541,0.9963723065792569,0.016354244761106973,8.576082456952072,0.013619905806656703,8.819088010292425,0.01515630611769524,8.661470255443577,0.013654078150453098,8.828206750415475,1.0
35.39895573675422,40.65752834467019,36.894775401458794,39.51940661298463,2.023339492691926,2.2843523531861174,2.033940924708139,2.197801263362418,0.5736015040271827,0.5204570765107113,0.5698166234243873,0.5230691689215213,0.09331228471811384,0.08378416250795555,0.09293184527670241,0.08385970685913917,0.9946220335844449,0.9938272133397955,0.994394651033676,0.9940000050627089,0.00870718247931487,8.902884726538138,0.007019785887159561,9.095108208624849,0.008636327866533445,8.91511159518792,0.007032450434500828,9.070063363859397,1.0
20.579623425410066,26.758637026238716,25.166351918353218,27.16534904437917,1.9263191922347997,2.2516151834883287,2.082842295146176,2.2516841362394824,0.5394922323299529,0.48264820440347894,0.5302615780597425,0.48419944324791303,0.07809846770283516,0.07005391874946876,0.07809622143417513,0.07010272872085066,0.9964964780179272,0.9954470860702208,0.9957150448107474,0.9953778823828802,0.006099370657531267,9.164888957844168,0.004907551532157169,9.371579322380496,0.006099019802296197,9.221303863991624,0.004914392574109199,9.367087451562321,1.0
42.9470353713885,56.5243448331656,53.26777561318965,55.985242144472146,1.7876033699719873,2.2109242676660674,2.0733591634982895,2.169182632236384,0.7034701456342688,0.6463765523509795,0.6739655406095674,0.6497464076459415,0.13113755587689072,0.12018966486487107,0.12597334683350328,0.1202671464817899,0.9937819578547714,0.9918215000951462,0.9922881619533271,0.9918995008201881,0.017197058561362274,8.330405292090944,0.014445555540331726,8.620787136074435,0.015869284112431544,8.493363542174722,0.014464186522873903,8.602241754732148,1.0
24.393584520207458,23.88514403720636,22.336663655561278,29.125378198897806,1.4752784655754037,1.6911112268036053,1.4981085051851457,1.6698952982553148,0.6888509218462275,0.6379666091284414,0.6782721170516652,0.6422169373293466,0.13049216204721692,0.11881011816269132,0.12685679499107655,0.11870388450548355,0.9962066045373739,0.9962882194031111,0.9965264572322783,0.995473879333219,0.017028204355756638,8.138978955607,0.014115844177832767,8.36981927535928,0.016092646435407667,8.18889285178089,0.014090612196691398,8.348671582399353,1.0
749.1855594404392,745.5833365845386,714.1397299921023,804.098286180386,12.747474747473122,12.868163056711198,12.00517288267157,13.327730485942842,0.34356635782042183,0.32055923693285865,0.3723555395124454,0.3266113478504112,0.06355818894405268,0.059902262208089106,0.06587392662301782,0.060043638039626424,0.9518779068360536,0.9521914963399383,0.9541384108780764,0.9484394215792505,0.004039643381849093,11.15060247821772,0.0035882810176451987,11.194401406810133,0.004339374208736096,11.0048065448543,0.003605238469032123,11.213432365028087,1.0
52.463491931036444,56.0176333934919,56.03952202482848,56.97618538571733,2.0159984217124123,2.277983710490901,2.2106296091172135,2.336610902864452,0.686136630012962,0.6323011064164701,0.658861294970059,0.6296423886629137,0.12071236180093375,0.11010800744710558,0.11686368889943624,0.10990444399997819,0.9907633159302146,0.9901430403805724,0.990132571165254,0.9899743666523596,0.014571474291560946,8.399345502300438,0.012123773303972218,8.657756462201053,0.01365712178318511,8.543855301881361,0.012078986810944678,8.67333364150967,1.0
20.613649644213158,26.814627585727315,26.141425238913513,30.739175690683886,1.5857767356538424,1.8613481651163408,1.7214734011863373,1.9467938127631532,0.6580966047831395,0.6045960739858679,0.6389896867986652,0.6009001314272467,0.11986370741765282,0.10818400209974569,0.11585049938049045,0.10817492841390651,0.9970089269791708,0.9961118223490606,0.9962070149585726,0.9955427531011094,0.014367308355906662,8.488708947825378,0.01170377831031787,8.728317917948111,0.01342133820671107,8.588107841642605,0.011701815137353867,8.757663622432123,1.0
19.905405495991406,21.867865357026915,16.91031730328318,21.37271322134298,1.2360264462550525,1.4528234763293042,1.2337606051304733,1.395473182470252,0.7488378241846595,0.7004577970804766,0.7336816609422285,0.7017506938539705,0.1515457135876149,0.14015250722063272,0.14714583057231073,0.13981036976444008,0.9965756107962779,0.9962408666480708,0.9970909116365064,0.9963259767689739,0.02296610330677772,7.510357210705604,0.01964272528022987,7.748479402614522,0.02165189545481276,7.580544709663099,0.01954693949366965,7.735367970352166,1.0
11.613825664415513,17.973638414549335,18.590662769797305,18.44615114072814,1.2057576750817398,1.5805309130454852,1.5262782094619871,1.60963556851311,0.7080295148801058,0.6551117622692085,0.6869109946741525,0.6527908629418518,0.12729757483275264,0.1161657442064753,0.12352325159649709,0.1161981279189614,0.9981841616832999,0.9971876835716932,0.9970886727794686,0.997113759551239,0.01620467255830043,8.075886147200736,0.013494480127044142,8.365921145526414,0.015257993684971556,8.22466081833586,0.013502004931871226,8.373175874120406,1.0
32.15804394980592,37.149664723030845,34.18244303094087,38.73564394465169,2.0360641467077816,2.277428386320465,2.1130892227096623,2.358198435836843,0.5744984878107501,0.5260952455245101,0.5722080533154248,0.5237643714916997,0.09576242321828547,0.08624141197104614,0.09522047077616232,0.08627753277272714,0.9932777400484504,0.9922367230723218,0.9928508241106169,0.9919053159397452,0.009170441700637445,8.793930731570397,0.007437581138759866,8.980063711181643,0.009066938054833568,8.822143630871977,0.007443812661349167,8.995708612425744,1.0
12.347350843972363,14.402623212550534,13.71087774790312,16.010258341431808,1.7271277756409673,1.9552443426350072,1.7965620238324533,1.9357692396686355,0.5291900790051208,0.4752627327314351,0.525838016882801,0.48083236802155693,0.08845284503132726,0.07957418591493684,0.0883150401595392,0.07967252788393586,0.9980162013776078,0.9976870068856204,0.9977963498184645,0.9974288270244298,0.007823905794135819,9.081262185199895,0.00633205106402482,9.25996976002519,0.00779954631838085,9.111702118940475,0.006347711699416462,9.230000655010222,1.0
22.127811815798083,25.05102110231775,25.32592052901729,31.406034522651794,1.5164836041170862,1.7163924753574422,1.6278974566179227,1.8850981072700683,0.6913109851035361,0.6477444054454107,0.6805613183560122,0.6419425559568774,0.13397258751095426,0.12140510364559236,0.12989074781373072,0.12097297481804666,0.9962103728493513,0.9957100113038981,0.995659310743793,0.9946217220980452,0.01794865420437904,7.9612931292688485,0.014739199191197172,8.175324402787526,0.016871606367609513,8.033482593943862,0.014634460636327931,8.22108623687054,1.0
13.190165267134493,14.661314382895691,14.189418423709792,17.50913820630232,1.3023307016213996,1.485257878661645,1.3505613923325188,1.5288670229996368,0.6720115934699913,0.6185411955118473,0.6587589134503657,0.6196240525739527,0.12387060966619037,0.11188219267338582,0.12060013871262361,0.11201922451455264,0.9978681519056557,0.997631428643747,0.9977058908191473,0.9971713548360884,0.015343927939073795,8.24881595319681,0.012517625037404789,8.47240879014377,0.014544393457504043,8.306888094590185,0.012548306660841963,8.468353827684576,1.0
12.00904891766651,13.69271553519347,10.391775198973273,13.612197232634232,0.9943707052458218,1.2212929797769323,1.0358972569049119,1.1699090656670617,0.7430064558364675,0.6826366650611574,0.7203244166095858,0.688829800195668,0.14028419014239352,0.1277813004812125,0.13471852717428429,0.12803652114317257,0.9974593684981998,0.9971042228779259,0.9978003538090859,0.9971212481944568,0.019679654003906404,7.647414905398093,0.016328060752670216,7.923700926997434,0.018149081564007883,7.74786274443704,0.01639335074644659,7.889482288380763,1.0
25.137464957764145,32.03324297746236,29.940781164474842,32.269874242212474,1.6487570639229931,1.9413782451755757,1.780914833498587,1.9148631357304042,0.6210439926634708,0.5685344142528442,0.6132306888074477,0.5702005381767324,0.11189251178778031,0.10026902242452218,0.11030325631582395,0.10031144848427058,0.9966661646507872,0.9957545473816196,0.9960291127798526,0.9957231894227796,0.01251993419417843,8.34775753751066,0.010053876857969438,8.560336438657886,0.01216680835387421,8.398719043622949,0.010062386697012721,8.551054779681932,1.0
344.9024261849271,357.0163150338691,279.3864044288922,297.58830092695024,7.269520202020282,7.626798476951777,6.072433954933843,6.303174058238352,0.37848432826530803,0.3572932109298168,0.39632136867574,0.369119101137955,0.07441349503570711,0.07011786518166839,0.07557362203215241,0.07020409598404131,0.9717241557940786,0.9708136306789319,0.9770979013074949,0.9756719570557444,0.005537368243428849,10.341702080454397,0.0049165150176337736,10.419204896813309,0.005711372347058536,10.217591745851513,0.004928615092935587,10.320190596825213,1.0
28.40402715264609,32.50952519783343,26.026527388418607,29.031088203987892,1.6794431751778365,1.9886720810772736,1.7586322710327351,1.9288509417371558,0.6225128939778494,0.5670576777885484,0.6156780339892945,0.5688822531721069,0.11331256831288163,0.10127986684410664,0.11154302336274044,0.10119186367582717,0.996034627769701,0.9954600549114159,0.9963624112158277,0.9959458204923862,0.012839738137662296,8.429707629601001,0.010257611427960034,8.657047266076024,0.012441846060901594,8.468631237970145,0.010239793274187382,8.640956598415858,1.0
18.70668747318724,30.643041556758607,32.20852360774239,31.563264843351696,1.3858080795006407,1.8835742051922653,1.8385767628371965,1.8643986302003515,0.682582677928659,0.6261363859835801,0.6624235737162838,0.6277902332449996,0.16414245318680845,0.1479472757756122,0.15984194910095448,0.14811749661040213,0.9964659187001613,0.9942087584329669,0.9939071704727485,0.9940348515766662,0.02694274493818112,7.451560373695425,0.02188839640942544,7.740648282542389,0.025549448692389738,7.602765353166588,0.021938792802133036,7.727003265789488,1.0
13.723229095781294,17.4380899162384,18.69325284406147,20.67844995140889,1.4263342169401636,1.6502276829098874,1.5620665950412629,1.715113378684803,0.6351830073894906,0.5832879089960117,0.6305479806944616,0.5840920735562342,0.13201809528942032,0.11824463093664976,0.13053198836661045,0.11819718384921288,0.9973532570391993,0.996637663098305,0.9963923409625608,0.9960128588609668,0.017428777483845272,7.7780533227719495,0.013981792745344432,7.987286742006998,0.017038599986939806,7.823298264842994,0.013970574269884588,7.988561715629735,1.0
16.668441161405127,17.562151649774645,21.508996677922013,26.56689967143226,1.0579000131293064,1.2712598917117262,1.2405118986419723,1.396356842056503,0.7540467215240871,0.7047684213759042,0.7360646012029387,0.7026155716409472,0.1618851314372978,0.14649238305524673,0.15523207374761747,0.14675272420265753,0.9957788838602519,0.9955426371501079,0.9945339208081483,0.9932572264970984,0.02620679578046828,7.152196815963598,0.02146001829320826,7.399583091361979,0.024096996719983624,7.260968502159347,0.02153636206090405,7.418602496424902,1.0
18.38713926838492,18.842291753435934,14.441987532731176,18.94486452404083,1.3394589441839768,1.4248723911333083,1.2076384214536717,1.45253887269192,0.7284956967993046,0.6906344370866938,0.7264188916670703,0.6898708938437721,0.1615819250945582,0.1488694303895602,0.15636237981350481,0.148815115185906,0.9970925697320779,0.9970224907318483,0.9977162293029834,0.9970062816456371,0.02610871851726186,7.518938569535684,0.022162107304511885,7.700729837756155,0.024449193820941444,7.525627971111887,0.022145938507794335,7.709934231246724,1.0
22.28711252440995,25.761215234392466,21.425115828920475,24.011534083020713,2.261833573420498,2.524670970428965,2.307080357671253,2.495473182470259,0.44718560093528636,0.4020617081236432,0.4482896676951145,0.4026203450941117,0.08736185355090495,0.08121000475154756,0.08793140451164022,0.08123332105427357,0.9962933055870017,0.9957119029616198,0.9964296919835445,0.9960031499063675,0.007632093455849346,8.725617230536386,0.006595064871746367,8.849850419473476,0.007731931899389463,8.726620583967232,0.006598852449506673,8.842391938615858,1.0
20.232842826789852,25.7027294182975,20.374607970768263,21.46938127632,1.3452153710594095,1.5766983664213574,1.3180161471663332,1.4251203202369238,0.7183250384269254,0.6723554037844819,0.7141444843517246,0.6813861399622722,0.15793621710704828,0.14381737076290982,0.15379050901110156,0.14426852913405164,0.9973099279881159,0.9965848302605391,0.997290812312869,0.9971473226775185,0.0249438486740833,7.612051291416247,0.020683436133156725,7.842248080259312,0.023651520661892456,7.632088842838209,0.02081340849850302,7.7844174232572225,1.0
17.160289449791186,19.118984913693193,13.734044340910586,17.202309685778978,1.419188004830155,1.6398241473460118,1.362240211289017,1.508353232449423,0.6614447653683112,0.6080274208419427,0.656317984998516,0.613180837238471,0.14083842905314362,0.1258722601251954,0.13855672840571168,0.12589200302061954,0.9964198702876934,0.9960121407144373,0.9971353990721361,0.9964118896078936,0.019835463098155905,7.678417104505174,0.015843825869024837,7.895560817470166,0.019197966986492704,7.69791456163003,0.01584879642454374,7.856170568700227,1.0
13.693878218523237,19.31071081493782,14.782347265781514,15.151695589800495,1.0311465606832129,1.31685825350546,1.1465209254849242,1.1873446249247872,0.7430788309137425,0.6891991678713664,0.7234937885733765,0.6947378549881429,0.17514789186932436,0.15950647967398762,0.16917425917690063,0.1594855804738897,0.9975899430058728,0.9966038948572042,0.9973981972358845,0.9973353256151353,0.030676784026266227,7.135131123785464,0.025442317057988623,7.403685387100454,0.02861992996805075,7.24378288357587,0.02543565037909364,7.36217782646448,1.0
17.46994631326131,23.711084733212953,17.055595570070285,16.490494469896785,1.2227753496827387,1.5177331204590376,1.2652678743140033,1.3086343653107328,0.7326150451140808,0.6856611639600332,0.7238908066197528,0.6932934305385664,0.15047195041953615,0.13713022915452017,0.14617979790975294,0.13754923032035762,0.997354265697611,0.9964108906190152,0.9974162285474181,0.9975038632628854,0.022641807863057355,7.45828447118559,0.01880469974797145,7.715683792398036,0.021368533316934522,7.5173871667625916,0.018919790761722857,7.642487472736256,1.0
556.4650912975502,614.6189218502259,522.3721095570803,623.9170730471345,10.52646270396216,11.262643956183013,10.343550893550637,11.603314893419565,0.2966427688189831,0.2797254161761887,0.30886920142131563,0.2714207714002829,0.049153749031720206,0.047306603798985,0.049613499249171286,0.04684603666712209,0.9434049044663377,0.9375806792965328,0.9468517075911402,0.9366363614522745,0.002416091043873678,11.735909748827996,0.00223791476299347,11.842441304091407,0.0024614993077478513,11.763374939007791,0.0021945511514166963,11.897971652933219,1.0
14.416303030275435,18.654756467212575,16.947076400395463,18.660838886574826,1.0982896569005045,1.4022621361469554,1.292150192501213,1.4056385071035076,0.7395229849357006,0.6882526041315152,0.7238070211548031,0.6884562988899882,0.14708594931274535,0.13359084226862122,0.14353344920189623,0.13375017633271188,0.9974708409762604,0.9967256182283284,0.9970226867660421,0.9967245660622378,0.021634276485229965,7.448580494284369,0.017846513138039567,7.7150713511516065,0.020601851039791532,7.549780580362625,0.01788910966903168,7.708179587974782,1.0
563.7975330225055,626.0066477326943,542.5371309246107,643.3581797541775,10.756161616161272,11.567273181238525,10.728378010877835,11.929572656910324,0.2703552016125326,0.25334852814260367,0.276937144543177,0.24716873183724863,0.04040188246489808,0.039282540490781066,0.04086875712357907,0.0390791283435467,0.9415631099394541,0.9352183328812717,0.9437470290967914,0.9334225119544235,0.0016323121067075028,11.993974786575345,0.0015431179874093757,12.092934399251323,0.0016702553088261127,12.017513939907207,0.0015271782720909259,12.136709697164115,1.0
273.5158061382899,343.5341788646292,326.6990967365842,295.2027421897309,6.24225135975113,7.292406604039384,6.900390442890209,6.551677928280068,0.34390481233186826,0.313853264882743,0.34909749439854654,0.3269998266211737,0.03577228738390776,0.034452722317001035,0.0367800078631034,0.035022938583337236,0.9752187486550994,0.9689491311114569,0.9704106536459889,0.9733176421267509,0.0012796565446769408,11.355402073827328,0.0011869900750521212,11.473973595282718,0.001352768978410004,11.354852251327902,0.001226606227011966,11.417540095349993,1.0
400.71369269615,428.9625538373049,362.9133313907971,445.9741190974432,8.675899378398645,9.280330279954502,8.198782051281325,9.431876345932615,0.35236461846912165,0.32168685619075715,0.3520417060887989,0.3232346364527333,0.07427727490041554,0.06913883614556297,0.0742386413877978,0.06932716975954785,0.9596357817645242,0.9568759973513553,0.9634321642214889,0.9551656172392012,0.005517113566632797,10.758199285120366,0.004780178663562235,10.870478176133691,0.0055113758751069355,10.728395065559043,0.004806256466868351,10.889438992746577,2.0
302.50287684532583,294.61705120008804,292.90100038844923,316.9463929029065,7.701629759128909,7.988454246123765,7.828331390830475,7.947801254643997,0.33812353056546446,0.3186869738169605,0.34167615857798067,0.3270317244466575,0.06426391729850188,0.06013310893780916,0.06600109929035453,0.061335643868353454,0.9769121062904931,0.9775556639511924,0.9776369656489351,0.9758546466334743,0.004129851066549784,11.048111225183483,0.0036159907905250425,11.15396835362186,0.004356145107536424,11.043173755434848,0.00376206120874413,11.11637856671044,2.0
562.9843006991539,628.453918417196,562.715522532886,617.6590111109314,8.614102564100206,9.226444243315756,7.939854312352362,9.03447145844671,0.40628725498621904,0.38178527362671416,0.4298036720406952,0.3827222758995795,0.10456674584582225,0.09837668326513731,0.10782151771567247,0.09779621213458353,0.96354533946814,0.959377881478953,0.9635763319393166,0.9600756043437307,0.010934204336790295,10.094737591854546,0.009677971810244074,10.19281058861323,0.011625479682516395,9.985438855703606,0.009564099107867168,10.194480310191889,2.0
275.05572066818644,308.52195429297524,282.94344211340683,262.1306236540982,6.032783605283112,6.643669439156749,6.1139432789428,5.8844546830628115,0.38114271229556834,0.35693922789490157,0.38644489463373727,0.37218390279579566,0.07015326660329795,0.06611522646948229,0.07129890505695599,0.06659143829739496,0.9774334331433089,0.9747484962542898,0.9767882033973702,0.9785453898163974,0.004921480815114264,10.445735781378644,0.004371223171109967,10.593973319460892,0.005083533862321741,10.454939752664067,0.004434419654515004,10.505496735116338,2.0
675.2358935508014,721.7851970914144,534.4317113441364,707.1405250306185,11.403547008545647,11.980318186077323,9.965440947939822,11.8799136262943,0.24437110115916374,0.2283965881728116,0.25689463528418643,0.23318850699639612,0.035503937677788706,0.033358413935534396,0.036530978318704936,0.034354156357716194,0.953786199366193,0.9506084990918416,0.9634188913498427,0.9516102897742635,0.001260529590628658,12.207009736494872,0.00111278378029392,12.306370045823012,0.0013345123769220508,12.089167608196757,0.0011802080590498593,12.26791686710115,2.0
396.0240462315062,477.6446740115381,442.1372960372594,444.45612847613114,7.948195415694788,9.012519116134563,8.374747474746785,8.688959068071199,0.27474348113758923,0.254082801259384,0.27089600463387753,0.2457702180069197,0.0354592226836818,0.03412827685749669,0.03578882205647997,0.03289830298366815,0.968223501968442,0.9617442096125716,0.9645564371922215,0.9644025860398782,0.0012573564733311235,11.812650484132336,0.001164739281261463,11.943985876212938,0.0012808397841906002,11.82821736571665,0.0010822983392047543,11.959034369977983,2.0
293.76370046616074,342.6545578322311,288.14044289040663,347.89894393129515,7.416326728826005,8.46574896226889,7.5023892773886685,8.487424315722233,0.2853627141067385,0.2614860997215331,0.2824805270391509,0.25723205003542254,0.050543262545186624,0.04865351442685016,0.050836180812668316,0.04851011880906075,0.9748320333365714,0.9707013370094497,0.9753240399593156,0.9702527713282241,0.002554621388712298,11.420539838464897,0.0023671644660827945,11.552099017709388,0.0025843172796188533,11.406240862521825,0.0023532316268682694,11.554914692401761,2.0
396.7598038072343,422.58223253032577,388.83068958811947,428.7809096159227,7.521454933953954,7.878871992137715,7.264042346541446,7.743543428734273,0.2855559743221467,0.2727780720697832,0.28975795140115507,0.27316983769067116,0.049955642226503054,0.047797499926506316,0.05057326694229147,0.04765398271654716,0.9737477142741744,0.9720819651530763,0.9742577405311478,0.9716722831487072,0.00249556619026316,11.216677637573738,0.002284600999223031,11.290657801693241,0.002557655329217101,11.156965755013807,0.002270902068747781,11.271575616270244,2.0
388.9620066044061,420.9938984427364,318.98164529905546,392.8917188135104,6.885359362857467,7.384066508538175,6.26223193473029,7.254695156208337,0.5455161751862309,0.5318298746518422,0.5528057068512572,0.529724064721175,0.3583382345105436,0.3520717524100149,0.35764113185628166,0.3506762355571686,0.9791620435163235,0.9774741771909664,0.9829113938951604,0.9789777606014425,0.12840629031219797,7.874673851076107,0.12395451884499038,7.971122094663489,0.12790717919550232,7.809214633461755,0.12297382218447787,7.967356562450615,2.0
398.48850621599144,545.4397178614786,496.88362859361337,488.5132408476577,7.389570707070442,9.009421522424395,8.383997668997388,8.47709575231713,0.33873849681975454,0.30745795429790607,0.3298895076874882,0.312975299098358,0.06877040325238302,0.06557021718467361,0.06800551042518746,0.06569860766763105,0.9601272983292998,0.9455875581060943,0.9502695841525447,0.9512660585796304,0.004729368363495696,10.2616851409591,0.004299453381645317,10.425916482052644,0.004624749448190591,10.34404009869721,0.004316307049465384,10.385428861503748,2.0
440.2163053612635,529.7895157768468,518.7457789432347,554.9232350740255,8.374677544676855,9.421042570459893,8.84772921522848,9.474848631444571,0.2963092757840727,0.2726408196695201,0.30022125051051046,0.27562251681254607,0.04946272476742439,0.045831558217779136,0.04995654606850986,0.04645998440698776,0.9758088368169683,0.9708750777823139,0.9714841868316824,0.9694931844900063,0.0024465611414183678,11.143052550241421,0.002100531728668348,11.284334479807285,0.0024956564950955975,11.162808636039472,0.002158530151096157,11.277089236131854,2.0
496.39492035740363,488.43958521892677,398.5172610722475,545.0983700571003,8.387220279720191,8.475554757966343,7.382404817404648,9.008812927187122,0.3275443776850429,0.3132117324259483,0.34200383211861124,0.3071393184824735,0.06758201300183206,0.06579952221068125,0.06941040894414346,0.06557982756552812,0.9503173258881973,0.9512723388737991,0.9601235253110393,0.9456204277795659,0.004567328481380055,10.347115378401895,0.004329577123154005,10.383470941738345,0.0048178048697935065,10.254289823749467,0.00430071378352445,10.425649684116209,2.0
275.0103613053189,280.5369507038402,262.88744172490686,296.5589342561641,6.25327505827447,6.544132907837934,6.257729215228675,6.77400244998719,0.3542321279977194,0.32703595689257325,0.3434563777558079,0.32282333415440734,0.05786761433369404,0.05410020061326755,0.058588129919779235,0.054671452779112104,0.978263514759414,0.9778653311073185,0.9792085388424917,0.9766010691143853,0.0033486607886739008,11.009763009948205,0.0029268317063948454,11.132536366439075,0.0034325689674975803,11.039325367063054,0.0029889677489776823,11.127590863341254,2.0
262.43491064490127,298.88098842108235,311.57783022531623,323.1075145906755,5.246709401709336,5.78714771698753,5.873618881118779,6.110120626696885,0.355973581869782,0.33211107875960555,0.35409594590026233,0.334447051914014,0.07234221698976001,0.06997892864690063,0.07247559609738534,0.07016502277476305,0.9726979200599698,0.9690112143293232,0.9675846856518061,0.9664991397634601,0.005233396358993679,9.701846954016087,0.0048970504545682615,9.809257136898918,0.005252712029671528,9.772210838836347,0.004923130420983254,9.83092650802385,2.0
448.86640248631136,523.7250163853915,405.34081390824167,464.44047080314056,8.622731157729117,9.449096470150074,8.35545260295153,9.308979120504047,0.4053214344134945,0.38144619681728326,0.41390421755578166,0.38794495828958075,0.10859363073924151,0.1013674841115484,0.11104984035638547,0.10148919579113518,0.9699603504740867,0.9650047057067294,0.9728800614150859,0.9689660739159319,0.011792576637135203,10.432756304483139,0.01027536683510002,10.579034934832169,0.01233206704318301,10.385169532927199,0.010300056862326823,10.558316960548787,2.0
368.9571930846625,401.123006460574,302.4219366744035,387.5877918137071,8.951656954156189,9.571923473052616,7.807760295259738,9.290851955309524,0.2515861918161686,0.23315769838628922,0.2734165518960351,0.23851318377512978,0.03838260024006347,0.03659695337383221,0.03950314344365743,0.036688742695904025,0.9703477679990946,0.9678142032203259,0.9757213131898778,0.9689004744531146,0.0014732240011887448,12.04230529410828,0.0013393369962458352,12.123642174881304,0.0015604983419304512,11.887539535650074,0.0013460638406056493,12.100801897171035,2.0
346.6839257963996,397.9404454449267,275.90897630145344,277.07895547894265,7.131423853923363,7.7130102836997185,6.275782828282552,6.34910934427822,0.40674496759526374,0.3886300585639864,0.4170028388883709,0.38478678021826684,0.08334052973193844,0.07803978055753616,0.08537823416913679,0.07796153172895572,0.9717029623815333,0.9676121199119838,0.9774814290624729,0.9774488646961599,0.0069456438960008296,10.103871670176131,0.006090207349467351,10.218407923053784,0.007289442869840597,10.005477339942203,0.006078000429523762,10.125326891916274,2.0
182.52439199687853,264.9097640523333,303.35806915303476,306.93658125528606,5.987457264956983,7.088694953341596,7.271429681429179,7.4671436596866885,0.28931240235848643,0.2662833013063112,0.285632902994582,0.27239357026607075,0.05097698950518316,0.049088574306584455,0.05111041009432054,0.0496254068365319,0.9857557625945447,0.9793844369125874,0.9763247028164012,0.9761138362279798,0.0025986534590118505,10.674159623802344,0.002409688127452707,10.818218643154648,0.0026122740200100335,10.774388366789807,0.002462681003690964,10.83479925786142,2.0
391.54179487175014,406.36341523367565,258.6640073814687,371.84403966798493,7.385501165500367,7.59988179208009,5.847022144521571,7.508360382011764,0.44362726434637323,0.42194393204110003,0.4626748238815919,0.422963405118421,0.12298029491839423,0.1154914273364856,0.12572468185824057,0.11560760796960624,0.9674790723922267,0.9663390133942718,0.9785228398682094,0.9691985632039294,0.01512415293821908,9.884938189084373,0.01333826978821456,9.980195584175934,0.015806695628359384,9.722599600425408,0.013365119020450088,9.983144321877345,2.0
382.0612509711865,367.63963554517,288.34709595954683,393.63424401557404,7.533888888887917,7.498581895073818,6.429846542345867,7.85101705627361,0.3472840948729334,0.3333721800075279,0.35707405342307186,0.32057626198825856,0.07509742662144879,0.07102112335439832,0.07570558852180302,0.06942363155578625,0.9712026742637936,0.9723479643796658,0.9782620221453631,0.9703925653662121,0.005639623485165442,10.768640690333255,0.005043999962518349,10.809147169799756,0.005731336133434036,10.658095352313367,0.00481964061839132,10.900487758562459,2.0
